number,hash,parent_hash,nonce,sha3_uncles,logs_bloom,transactions_root,state_root,receipts_root,miner,difficulty,total_difficulty,size,extra_data,gas_limit,gas_used,timestamp,transaction_count
3000000,0xfe4c1780a5a8b9ac23d60258e7852dc8bca558f54615a47f97fa9c305cd46f53,0x694daf0933c8ca649d3f2e6d9e576f9612033b5d5c5a3b5a3b7781c27b21f56a,0x0000000000000000,0x1dcc4de8dec75d7aab85b567b6ccd41ad312451b948a7413f0a142fd40d49347,0x00204010000000004041000084020000008000008000102000040000a0004002001013040400080001000000001000081000101010800000000004000020200000002080000000020000000801400020205000000000000008444000800000004000702002020000c2000000a00008000600000280800000400100900630000000000004000000100010000000001000020404011002000900000040402010000600209008001800004000804000100000200008000000000000200000800400000000028000002000000190004000008000002000490010000003020000a0000490040000000028070000000001000000000000000000400000180000000000,0x06195a95f8c3b3f03bbf454162661d8b80931231b161c0a120d9aeae4072e602,0x844b0e068248b7ca42f4052c0dd4fc631a82ad86e019ac68eed4ca2d78bf8997,0x33c7e3887cb0c8f6f8d0790c303792943442731d46a6b8746dbf08cd83b229f3,0x35e7a025f4da968de7e4d7e4004197917f4070f1,2,5997097,2607,0xd883010004846765746888676f312e31352e35856c696e7578000000000000000bac492386862ad3df4b666bc096b0505bb694da22b81f8e175ffde54d797fe11eb03f9e3bf75f1d2d4c407bbe49438ed859fe965b140dcf1aab71a935e7a025f4da968de7e4d7e4004197917f4070f14430b3230294d12c6ab2aac5c2cd68e80b16b581685b1ded8013785d6623cc18d214320b6bb6475968bf0b8b6fb4e317a0f9d6f03eaf8ce6675bc60d6bbad7cf34b5fa511d8e963dbba288b1960e75d672b61c6014342d914470ec7ac2975be345796c2b78f3adfc719c99674c072166708589033e2d9afe7ae2f5b9e386cd1b50a4550696d957cb4900f03a82012708dafc9e1b880fd083b32182b869be8e098c4d90829ce8f72d0163c1d5cf348a862d550630a34efe6222e33adb84307f41b218d1823afb6f6da6f79b60359f141df90a0c745125b131caaffd12ada8c942f31098482748fcf2b9d3dc1d8de7b0e4b218c5d6af1f979ac42bc68d98a5a0d796c6ab01b8f7166496996a7da21cf1f1b04d9b3e26a3d077ce2fd7544e0b2cc94692d4a704debef7bcb61328d6caa02bbebaebb5d7e581e4b66559e635f805ffea0a6e3c511bbd10f4519ece37dc24887e11b55d3135500efefce94f5e45f81115fc4745c876ffe8d92c14de61e29e8dbde825d43fc2fb34a65f13084ee004bc21e6ed4bc0336a607925d3526c45418ff18e7f9900,30000000,888980,1607677059,7
3000001,0xb42f2b74f84510628eef1ba9300303f61a5a5764e347dcd7d244e0f0910f90db,0xfe4c1780a5a8b9ac23d60258e7852dc8bca558f54615a47f97fa9c305cd46f53,0x0000000000000000,0x1dcc4de8dec75d7aab85b567b6ccd41ad312451b948a7413f0a142fd40d49347,0x0420000200000000000400008400000088000000000000000010000080000000000000000000000000000000000000000000000100120000010002020000001000000000004000020000000800001021221000c0005000020204000080000080c00080a4000a15000200000000808000000000020080040000000010000004001020001000000000000000000020000000040401000000482000005000000030000000000010001000400000000000001001400000000048000000000000002400000002000000000080000200080000000000002000201000202002020080000000201200900000010040000204000000000008000000400000008000048000,0xc30620225aa00800c3831142440b48380b9c104ef1bb64545b6b205de2c8c28c,0x947f2e2eebcac7f5fad5a1e37b82b0c2169a2d15b08ec32077aa3b728fa27373,0xf8db44ab293c5d2bd76221a43e6e6103ab126417160aace7d5164f69501d3761,0x4430b3230294d12c6ab2aac5c2cd68e80b16b581,2,5997099,3087,0xd883010004846765746888676f312e31352e35856c696e75780000000000000013916d42546f9cf240f501fb623beedd8834846e14247f61fff395511f532a0c4db69729d013fc7a1551db3a273ba09eb8bcc416fee2588edb35f1bfdf0b61bc00,30000000,816512,1607677062,14
3000002,0x9855d741681a7995015e65a3a8cad1012a47ed1d671474b1af12cf13acd8c5e4,0xb42f2b74f84510628eef1ba9300303f61a5a5764e347dcd7d244e0f0910f90db,0x0000000000000000,0x1dcc4de8dec75d7aab85b567b6ccd41ad312451b948a7413f0a142fd40d49347,0x40200000000000d044000000840000008000000000000000000000008000000200000000000004000000040000000000000000000000000100000000002000000000000000000002002000080000002020100000001000000004400000000000000000200002000003004000000000000000000200800000000000100404000000000000000000002000080004100000000404000000000a0000004000000020020000000004000000020000000000000000080804000000202000000100080000800002000000020000000100001000000100000008001000100000000080400010000006000000050008000000002000000000000000000000000000000000,0x8e73d67bb129a017c297553ef6a2b420d1802e4d119e109bd7206f80d6e92ef6,0x9943e2f70701dc33cb68c170bedc5c75a074271877bc2830c2dedc4816e53ab7,0xc1b963debb6f93c7c7cd5d7552d4c939184c7caca942eeeb8e48fbe077e946d3,0x685b1ded8013785d6623cc18d214320b6bb64759,2,5997101,1549,0xd883010004846765746888676f312e31352e35856c696e757800000000000000a57249899f358665ef0b54b158ed5dc1197a90391d76a1f798509675cd864f627ffc56e0f65b59c560c95e6107e06be6d56324446e4838411e65385e3412206300,30000000,574480,1607677065,4
3000003,0x6e80d790cea8eeb38a477e38786cf7dce95486565ea009b0c11469cdb27ad865,0x9855d741681a7995015e65a3a8cad1012a47ed1d671474b1af12cf13acd8c5e4,0x0000000000000000,0x1dcc4de8dec75d7aab85b567b6ccd41ad312451b948a7413f0a142fd40d49347,0x042000000000000000000000840000000000011000008001003000008004000000000000000000000000000006200000000000000002000000000000002000900000008010000002000000080800202022100090004000020a040002800100008000002c000a01000200004000008000000000020080040010080210800004001a20001000000000000000000020000000840401010000492000004000000000064000000010000000404000000000000000100000000021000000000000000400000002000000200081002a00000000000000000000003210000282000080400010001201000000010000800205000004010008000000400001000000048000,0xefc2f56ff7dbed84a0946ba2be595f160fe1d000a80f5070d9e047b735acccda,0xc01e26a54da156685a4856848507236153376ac32f4a19928c172c54d51112bb,0x0f27dc834cb34472139ec760ee3138a7b8c6ac551112cd2606c35ebae7cc4d66,0x68bf0b8b6fb4e317a0f9d6f03eaf8ce6675bc60d,2,5997103,3499,0xd883010004846765746888676f312e31352e35856c696e7578000000000000007e55e5baa48dc5acc7a260cb020899180c98342591119f6108ce967393d1dbf201bb4d001b66d881d9f32268d437601132a5a2853484a052af94fe516842238700,30000000,849433,1607677068,16
3000004,0x5e3a5a8380f2130bf48fecf37e915c34b6e5e250dd766db67122bb9d2f568d1d,0x6e80d790cea8eeb38a477e38786cf7dce95486565ea009b0c11469cdb27ad865,0x0000000000000000,0x1dcc4de8dec75d7aab85b567b6ccd41ad312451b948a7413f0a142fd40d49347,0x002000000000008040000000840000000000004000000000400000008000000000000000000008000000000000000000000000001000000000000000002000000000088000000002000000080000002020100000005000000804400000000000000000200002000082000000004000000000000200800400000000100000000000000200000000000000000000000000000404000000000b0000004000000000060000000004000000420000000000000000000008000000000000000100000000800002000000200000000020000000000000000008001000000202000082480010000000000000050080000001000000000100000000000000000000000000,0xc6d17a9601ba108238822efd438f241df6022cfdb07f713bc6646d0329477f8c,0x9d347e7b61982666bcbd427e3545e91855cb9bfff71acb6b6520f4d46294a429,0x1d20cec7756df0dd3118581a0777fcff0b8a518d3ea1a7f8b63abb80fd705a16,0x6bbad7cf34b5fa511d8e963dbba288b1960e75d6,2,5997105,1845,0xd883010004846765746888676f312e31352e35856c696e7578000000000000008b5f9832b42b38ddf09f1c3a99cdb02ae41ce75e0d52908f507ae58cd2cc43854c1c3726f26b821e07e9a3381cd4fc9439d3e56deae0e4fef516ca258b04b9a300,30000000,351232,1607677071,4
3000005,0x47ddc4a2e78b4bb7ac72d85b2c51a07c54ea986a5f3661d5f893cd86c4404c40,0x5e3a5a8380f2130bf48fecf37e915c34b6e5e250dd766db67122bb9d2f568d1d,0x0000000000000000,0x1dcc4de8dec75d7aab85b567b6ccd41ad312451b948a7413f0a142fd40d49347,0x0400000100010000000001000400000080000080000000000110000000000020002000000000000001002000000020000000010000020000000000000060089000000008200000000000001800000000201002808050000200040000a0000000800000280802010102000000028080000020800200000c0800000011000014001020400001000000000000000020000020040401000000402010000000000420020400000010080000000000001000800000000040000000000000000004000800000002000001000080008000000001004000000008000000008002000080000810041220000000010000008204000000000008000000400021000000048000,0x00ebbe3a2e24e7b3ebf1baf424a1a4e0735a789502f0ecb79d7cb8134b114157,0x05ae6470284564fc1faa99c5d820d9b6d1772c3617f03326bada4500b2f2c3c7,0xb4495b6570b484b32e0b66bad0eb021805a906756608a5f70bc19270a7389ffc,0x72b61c6014342d914470ec7ac2975be345796c2b,2,5997107,3059,0xd883010004846765746888676f312e31352e35856c696e757800000000000000b346e493be0fb60125072b8bbb7ba9ce04f290520f3b681d526e36e8d133c6dc4b73ee30f89c0d4cda42074ffc6be0fc1292faaec46e49f90ac1c7964340bb4801,30000000,811046,1607677074,15
3000006,0xc40fe9f13a66a8f066ad9b84fa8c075a08ed1f8de5359fec370ae1a662d8ed50,0x47ddc4a2e78b4bb7ac72d85b2c51a07c54ea986a5f3661d5f893cd86c4404c40,0x0000000000000000,0x1dcc4de8dec75d7aab85b567b6ccd41ad312451b948a7413f0a142fd40d49347,0x40000000000000004000000004000000800000000000000000100000014000000800000000000000000000010000000000000000000000000000000000000000000000800000000000000008000020002010020000100002080040000000000000000020000208000200400100000000000000020000008000000010000004001000020000000000000000000100000000000400000080002000004000000420000000000000000000000000000020800800000000000000208000000000000000000002000000000000000000000000000000000000001000000000000000080000000000000000050000000080000000000008000000000000000000008000,0x1a3aa897de5595256be373fe655d0f0193f4f85f36564aa37efd55c4f92db903,0x2a11f605a783ad512055ce5c4d538d68e61817dd607f546e3184262f33fe029e,0x634a50fa059efc2d0824702bba9f998476184cb689e41c9f63dc49851e574209,0x78f3adfc719c99674c072166708589033e2d9afe,2,5997109,1390,0xd883010004846765746888676f312e31352e35856c696e757800000000000000523964327716664d61a98e42298b877a510dc0ebb4f536e2f916b299cded95715a7daa3ec1d848a9e671d886b44c92b0659ef4bede3ee6cebedbd786d9aab65500,30000000,306188,1607677077,4
3000007,0x39b3b0a4d2fd75cf2d3d619c401b1ebe5a956914971336f17a98b267338bea12,0xc40fe9f13a66a8f066ad9b84fa8c075a08ed1f8de5359fec370ae1a662d8ed50,0x0000000000000000,0x1dcc4de8dec75d7aab85b567b6ccd41ad312451b948a7413f0a142fd40d49347,0x040000000000000000000000840000000000000020000000041000008040020000800001000000000000000224000000000001000002000000000000012400100000008000400002000000080000000020101180004000020a0480000000000481210024020a012002900000000088000000001200800400100000100020040010200010000004020012000000200800000404000000004920001000080000000600200000180040004000000000000000000000000000010100000000001004000000020004002000800002200000040000400000000010008002020100a0003010001200000000010000000205000000000008000000000000000000048000,0x1273b74737ba2b7cdfc6ee0cb90b8e7fb654d880083cb46c82dafcfc77799637,0xc0d040f57998af968bd1c9248ed76f5f7a978e8e5d2e4e4e59ee675529b2b146,0x0bd0076b83cfa5e496bc6cec75e98f652345c60b62addb03227682c3ed440fbf,0x7ae2f5b9e386cd1b50a4550696d957cb4900f03a,2,5997111,3456,0xd883010004846765746888676f312e31352e35856c696e7578000000000000009c32164193f435ca6ca79eb2a50185e2417fe42edcb4b0a773e400895a4e1e75639a61924d1aa099c5f38d129debef3faa964b3ddfa9180c1524069cf657821101,30000000,857519,1607677080,15
3000008,0x2bdc5e2351fbe6c1f40d7da27a53607eac00a48743fc347596ac7313594105af,0x39b3b0a4d2fd75cf2d3d619c401b1ebe5a956914971336f17a98b267338bea12,0x0000000000000000,0x1dcc4de8dec75d7aab85b567b6ccd41ad312451b948a7413f0a142fd40d49347,0x40000000000000004040000004020000800000100000102000040000000000000000020400000800010000000000000000000000100080800000040000200000000000800000000000000008800001202810000000100000080040000002000040001020020200008200400000000800020000020000000000010010000000000080000000000010000000000100000000000400000200010000000000000020060000000000000000400000000020000800000000000000200000000000040040000002000000200000010000400000000000000001001000000202000020000090000000000000070000000001000000000000000000000000000000000000,0xe67b6e42a664e7133afcdc8afb969f6fb888013a24459e08f771e23603bb9377,0xce87ed8e3d4841496a0b0b4d8852fa0cf35cfeb82d6460b5a2e7086207335ed9,0x650b3bcf7f1d30366d532f4b5bc9942a65ed49d262a1bf9a2c0aa92a9b6d9ee7,0x82012708dafc9e1b880fd083b32182b869be8e09,2,5997113,1458,0xd883010004846765746888676f312e31352e35856c696e757800000000000000dfa11aad4989494b2aa5330cec5835b5aad9b1b153cb08d5af4d7dd26fa3d59a7e67d474b41020e838e4d60136651dbf71e15ddc8cd7debffe77b028e5efa1ec00,30000000,494207,1607677083,4
3000009,0xe7e3c75872f08c91e8e2d22d7234d65ca233f419418b790d0c2659e138e65ee8,0x2bdc5e2351fbe6c1f40d7da27a53607eac00a48743fc347596ac7313594105af,0x0000000000000000,0x1dcc4de8dec75d7aab85b567b6ccd41ad312451b948a7413f0a142fd40d49347,0x050000000020000000002000048000008000000004000600001800000080000000000009000000000100000200080000080000000002000000000000000000100000004000000008000000080002800030100080185000020004a00010100000800000200202410002000001004088000000000300000600000004100000040010200000800010000800000200200000080404000000804020000000000000200000200008500000000200000010002004000000400000200000000000002000000100020000000000800000000000000040000100000000000000020005a0000000001200000100010000080204040000000008400004000000000000048000,0xa91be7df81ec068bd9104cfdc5feb587de3c3ac15fdd55a461496f88088e7876,0xe9d00b3e99c2e8c1a1b4197f753be6b8287d839257be3a516eb5acf872d3de92,0xc903f30a27545f42694cbd1e366f5eef749c584926615a953254a7c567967141,0x8c4d90829ce8f72d0163c1d5cf348a862d550630,2,5997115,3094,0xd883010004846765746888676f312e31352e35856c696e757800000000000000f61b6ccf957df4129d1df2041d752d6a2efaa7cc2438a3ef60843d1c9d27fb52450f0758ce861ff6c4b8ce2011a33af96b846d0b5309bb14cfe8a5fd50ab892600,30000000,920187,1607677086,15
3000010,0x5ef265df4d38f0b6b014009811e6e49d7552a49d42f31a101a53fcd8fa2eacf5,0xe7e3c75872f08c91e8e2d22d7234d65ca233f419418b790d0c2659e138e65ee8,0x0000000000000000,0x1dcc4de8dec75d7aab85b567b6ccd41ad312451b948a7413f0a142fd40d49347,0x00000010000000004000000004000000800000008000000000000002080000000000000000000000000000000000000000800000000000800000000000000000000000000000000000000008000000002810000000100000000040000000000000200020000200008200000000000008000000020000000000200010000000000000000100000000000008000800100000000400000200000000000000000020000200000000000000000000000000000000000000000000000010000000000001000002000000000000000000000000000000000000000000080000000000000000000000040000050000000000000000000000000000000000000000000000,0xb10d5c1e0c992451658a9d96cc9205408e162aeae9e3d21fbb05db697651d351,0x6bd731e5cb60eb788cc9ee6093fbc006a93013e5fe8bef256b3604ac7b1b2dc8,0x75d9394475de6ef4cbf9da65dc2540ddb5924e595fe6d9fb578b4e55abb24958,0xa34efe6222e33adb84307f41b218d1823afb6f6d,2,5997117,1159,0xd883010004846765746888676f312e31352e35856c696e757800000000000000b6407323a529566e2ef452f7065fc6fac6a922ac633f114e0ce95bb6a825b4fd6ceb48889f881a33b611e6f263ea45175eb02e565d92b70e96e2cb9c3f705c5700,30000000,234030,1607677089,4
