hash,nonce,block_hash,block_number,transaction_index,from_address,to_address,value,gas,gas_price,input,block_timestamp
0xc5f6750e0bdacffcafd5f8c3da7c97737f8c92e772a2dfe7076715e54fd1cb57,0,0xfe4c1780a5a8b9ac23d60258e7852dc8bca558f54615a47f97fa9c305cd46f53,3000000,0,0xba7db2d1148872ea276b39966bdebb7ae709b576,0x05ff2b0db69458a0750badebc4f9e13add608c7f,160000000000000000,227992,23000000000,0x7ff36ab500000000000000000000000000000000000000000000000274d793f317e9933a0000000000000000000000000000000000000000000000000000000000000080000000000000000000000000ba7db2d1148872ea276b39966bdebb7ae709b57600000000000000000000000000000000000000000000000000000176510e36c50000000000000000000000000000000000000000000000000000000000000002000000000000000000000000bb4cdb9cbd36b01bd1cbaebf2de08d9173bc095c0000000000000000000000004b0f1812e5df2a09796481ff14017e6005508003,1607677059
0x4dbff3e8b892fe191d46f0d8a647df417e56c130819c24bd9f26efe6689dc1a1,106,0xfe4c1780a5a8b9ac23d60258e7852dc8bca558f54615a47f97fa9c305cd46f53,3000000,1,0xc5e9d58e9e0a0f2a9fe1c221d327ff7f31a55580,0x060dd632f7dd45cb97a86376863d623d6756e848,0,342499,20000000000,0x33c3d059000000000000000000000000000000000000000000000000000000000000507c000000000000000000000000000000000000000000000000000000000000046d,1607677059
0xc834b21772b26ea28ff8b46fae90a91a018a583e4bff50ccb3804b0d21f44de0,63013,0xfe4c1780a5a8b9ac23d60258e7852dc8bca558f54615a47f97fa9c305cd46f53,3000000,2,0xde31acb1217e08139a655b5572b58d2d65acd87c,0x095418a82bc2439703b69fbe1210824f2247d77c,3577972896045687906,100000,20000000000,0x6b1d4db7000000000000000000000000000000000000000000000010cbdc535e1bb96fb0000000000000000000000000000000000000000000000000000000005fd334f6,1607677059
0x7d151065b04dffd2e2af193d5dc6b6b04d1962f046143cc39d79ef0de854c256,63014,0xfe4c1780a5a8b9ac23d60258e7852dc8bca558f54615a47f97fa9c305cd46f53,3000000,3,0xde31acb1217e08139a655b5572b58d2d65acd87c,0x095418a82bc2439703b69fbe1210824f2247d77c,0,100000,20000000000,0x95e3c50b000000000000000000000000000000000000000000000010cbdc535e1bb96fb00000000000000000000000000000000000000000000000002f2f3c6b472a1beb000000000000000000000000000000000000000000000000000000005fd334f6,1607677059
0xcdda49f9fb27084db401c6802747fb55ed42291b55ea0f86a69db652e3e8324d,2560,0xfe4c1780a5a8b9ac23d60258e7852dc8bca558f54615a47f97fa9c305cd46f53,3000000,4,0x9cefa8b69949f4d7fc1c91e4a470dde08ce6e05d,0x2e6f76eb65286a3a317de9073effb253671148b0,0,316514,20000000000,0x7b0472f00000000000000000000000000000000000000000000000000000000000000007000000000000000000000000000000000000000000000000000000000000010c,1607677059
0xbc75d9c53be0aa085b4254aacfc90b1a438701ca3ffeee43b2432a685d6baabe,32,0xfe4c1780a5a8b9ac23d60258e7852dc8bca558f54615a47f97fa9c305cd46f53,3000000,5,0x08b72432320b1691cfae04d81a1f7138b5675b8a,0x6e00518100766cc5ca4d22aacfd44cecf1489d2e,2000000000000000000,1000000,20000000000,0xff98cdd0000000000000000000000000000000000000000000000000000000000000000000000000000000000000000000000000000000000000000000000000000000000000000000000000000000000000000000000000000000000000000000000051000000000000000000000000000000000000000000000000000000000000000000000000000000000000000000000000000000000000000000000000000000a00000000000000000000000000000000000000000000000000000000000000008706f6c6667616e67000000000000000000000000000000000000000000000000,1607677059
0x3d097c261efb61401e53b2ecf5c1c4b31223cb2718364b2163a65e991628e9f8,53004,0xfe4c1780a5a8b9ac23d60258e7852dc8bca558f54615a47f97fa9c305cd46f53,3000000,6,0x35e7a025f4da968de7e4d7e4004197917f4070f1,0x0000000000000000000000000000000000001000,17815842000000000,9223372036854775807,0,0xf340fa0100000000000000000000000035e7a025f4da968de7e4d7e4004197917f4070f1,1607677059
0x84a82a39eb37145f196e431f801d668484eea7a9b39b3977b7522796d24200e9,57,0xb42f2b74f84510628eef1ba9300303f61a5a5764e347dcd7d244e0f0910f90db,3000001,0,0x6db1a3dbb95874b1840f37f1844729b6d4872b75,0x05ff2b0db69458a0750badebc4f9e13add608c7f,156200345758247048,158720,23000000000,0xfb3bdb410000000000000000000000000000000000000000000000008ac7230489e8000000000000000000000000000000000000000000000000000000000000000000800000000000000000000000006db1a3dbb95874b1840f37f1844729b6d4872b75000000000000000000000000000000000000000000000000000000005fd339250000000000000000000000000000000000000000000000000000000000000002000000000000000000000000bb4cdb9cbd36b01bd1cbaebf2de08d9173bc095c0000000000000000000000000e09fabb73bd3ade0a17ecc321fd13a19e81ce82,1607677062
0x3381b32dd54b871def1a2274701c819fda24805fa164d6fbf8115ab6bac23700,7,0xb42f2b74f84510628eef1ba9300303f61a5a5764e347dcd7d244e0f0910f90db,3000001,1,0x26b5376406b5f989cc0bca3c9a30dabd321aeecb,0x555ea72d7347e82c614c16f005fa91caf06dcb5a,0,150000,20000000000,0x2e1a7d4d0000000000000000000000000000000000000000000000008ac7230489e80000,1607677062
0xc4e7b397508afbeebdd7140b67da0911cebcc9222e06c0da0be4a939a81f1451,49532,0xb42f2b74f84510628eef1ba9300303f61a5a5764e347dcd7d244e0f0910f90db,3000001,2,0xc524faaed591471a0b5fc93288fd8fe6f45d7b64,0x3900afd6613022d8e37a9ba945e02ee920bc48dc,0,1000000,20000000000,0x19efa3b90000000000000000000000006f4c90ee8300816af81e1a1f5c95e9fe2f55b84dbfb36057cb4cc9d645dec903b058fecce45f73b3abca2f45bcb5e47aab07025f,1607677062
0x522a196ce6de7f2a1ea4acc96150603f19bfa9e2228d96d9659f4487bb7e7fd5,8,0xb42f2b74f84510628eef1ba9300303f61a5a5764e347dcd7d244e0f0910f90db,3000001,3,0xd7f07a09a358cb61067f8215786ded564d50eb6e,0x0e09fabb73bd3ade0a17ecc321fd13a19e81ce82,0,130000,20000000000,0xa9059cbb000000000000000000000000a433d8d28d25906da71c4cc94d8a559f08da8b210000000000000000000000000000000000000000000000002c75c4566d106b00,1607677062
0xf496ec300aebdbd9c67811f734636514d0853c93f875833b0ec759dd4930e8c8,7,0xb42f2b74f84510628eef1ba9300303f61a5a5764e347dcd7d244e0f0910f90db,3000001,4,0x87073bf557ae22a83e1c6988a7992be66ae1942f,0x555ea72d7347e82c614c16f005fa91caf06dcb5a,0,150000,20000000000,0x2e1a7d4d0000000000000000000000000000000000000000000000008ac7230489e80000,1607677062
0xf88f63180ec71559d633c5262ddf9524f746f99a0a5d2b05076dbaf38304b642,2,0xb42f2b74f84510628eef1ba9300303f61a5a5764e347dcd7d244e0f0910f90db,3000001,5,0xde996d4b76bbe4f27dd90c0cdfe6b8f1b792d14e,0x0e09fabb73bd3ade0a17ecc321fd13a19e81ce82,0,130000,20000000000,0xa9059cbb000000000000000000000000a433d8d28d25906da71c4cc94d8a559f08da8b2100000000000000000000000000000000000000000000000074e7feef42228700,1607677062
0x8f1de82756e9a1bbf842247961332e8cc0478dadaf42334da728cc3a6bd17b5b,226046,0xb42f2b74f84510628eef1ba9300303f61a5a5764e347dcd7d244e0f0910f90db,3000001,6,0x43a8c01c49e1c921ee659c2410e9af106c933f7d,0x212fc0789ba7e1a59a76bda6d9cb96268253d70e,0,1000000,20000000000,0x0f770a000000000000000000000000002ebcd54612b521e2dc1a4c897480fa5bc76a36dd00000000000000000000000000000000000000000000000000000000000000000000000000000000000000000000000000000000000000000000001830103608234a43dffdb6cda4f1bdffb5ed43b1854b5dac562f202e82332822d4bf80b661,1607677062
0x3e331d7296aa42c940a8914e980f91c90dfc611bc4d002b0ea46516204676a90,2,0xb42f2b74f84510628eef1ba9300303f61a5a5764e347dcd7d244e0f0910f90db,3000001,7,0x91d6e94428b5fd84adc332597bdad8125d363845,0x0e09fabb73bd3ade0a17ecc321fd13a19e81ce82,0,130000,20000000000,0xa9059cbb000000000000000000000000a433d8d28d25906da71c4cc94d8a559f08da8b210000000000000000000000000000000000000000000000005b0860c948ba7680,1607677062
0x2e914a28d2dbcc22f169bb75dde41c430c608d37ed4d1251c9b0ed36aaaa8c27,8,0xb42f2b74f84510628eef1ba9300303f61a5a5764e347dcd7d244e0f0910f90db,3000001,8,0x10402dc4425a2c07ba346f6284e6ef213c331d93,0x0e09fabb73bd3ade0a17ecc321fd13a19e81ce82,0,130000,20000000000,0xa9059cbb000000000000000000000000a433d8d28d25906da71c4cc94d8a559f08da8b210000000000000000000000000000000000000000000000002b5210157b4a4e80,1607677062
0xc330b5bbf652874aefc35584557df29704b7bed8d4b370d6fee9433bdfd8896f,1,0xb42f2b74f84510628eef1ba9300303f61a5a5764e347dcd7d244e0f0910f90db,3000001,9,0x73ddfb2dd0433f97e58318fe7a038c4566b3dfcb,0x555ea72d7347e82c614c16f005fa91caf06dcb5a,0,150000,20000000000,0x2e1a7d4d0000000000000000000000000000000000000000000000008ac7230489e80000,1607677062
0xac9db01db3230f9ef925ddd67dbf8cbee80fa2a8d66df34c98838a92d092984a,5,0xb42f2b74f84510628eef1ba9300303f61a5a5764e347dcd7d244e0f0910f90db,3000001,10,0x9338486db4c90f041e23375609e9fe7d692dce15,0x0e09fabb73bd3ade0a17ecc321fd13a19e81ce82,0,130000,20000000000,0xa9059cbb000000000000000000000000a433d8d28d25906da71c4cc94d8a559f08da8b210000000000000000000000000000000000000000000000002e6544fb5a9a4100,1607677062
0xcd8e238e04c0fd6b0351d6488b5a62e5478c6d1fad7077fbc369987acf0828c4,4,0xb42f2b74f84510628eef1ba9300303f61a5a5764e347dcd7d244e0f0910f90db,3000001,11,0x3450b3cd72d586e250cedebc0d6bd758da7531ae,0x555ea72d7347e82c614c16f005fa91caf06dcb5a,0,150000,20000000000,0x2e1a7d4d0000000000000000000000000000000000000000000000008ac7230489e80000,1607677062
0xaa828f6dd293ddf15cf16c7b21e38bf6e176bbf7d96fe236666b548fe9723c99,1,0xb42f2b74f84510628eef1ba9300303f61a5a5764e347dcd7d244e0f0910f90db,3000001,12,0x736e063817614f599402fd04d7807345c5b4f6dc,0x555ea72d7347e82c614c16f005fa91caf06dcb5a,0,150000,20000000000,0x2e1a7d4d0000000000000000000000000000000000000000000000008ac7230489e80000,1607677062
0x64b45f5f236a4ae303231b80b6c059d4f21b4934717712d1b8db83aea4191c75,114688,0xb42f2b74f84510628eef1ba9300303f61a5a5764e347dcd7d244e0f0910f90db,3000001,13,0x4430b3230294d12c6ab2aac5c2cd68e80b16b581,0x0000000000000000000000000000000000001000,16344261000000000,9223372036854775807,0,0xf340fa010000000000000000000000004430b3230294d12c6ab2aac5c2cd68e80b16b581,1607677062
0x7bd6bdae3d2fb6e584caf9265716e645a3ba8a439654c36f4ffd96eaf7ff1a6c,683,0x9855d741681a7995015e65a3a8cad1012a47ed1d671474b1af12cf13acd8c5e4,3000002,0,0x2a3967daa6b0cadc9214a43d43fb077633b9d0d3,0x05ff2b0db69458a0750badebc4f9e13add608c7f,0,356899,23000000000,0x38ed173900000000000000000000000000000000000000000000000270801d946c94000000000000000000000000000000000000000000000000003d27ea93d422fef18600000000000000000000000000000000000000000000000000000000000000a00000000000000000000000002a3967daa6b0cadc9214a43d43fb077633b9d0d3000000000000000000000000000000000000000000000000000000005fd3392a00000000000000000000000000000000000000000000000000000000000000040000000000000000000000003c037c4c2296f280bb318d725d0b454b76c199b9000000000000000000000000e9e7cea3dedca5984780bafc599bd69add087d56000000000000000000000000bb4cdb9cbd36b01bd1cbaebf2de08d9173bc095c00000000000000000000000002e3efcc9d912fbf2bf33d39f43427b56512c9b4,1607677065
0xb0df8b08277c83a51e9663d0c2757e635f073c67e48c5723167322571062ff04,69208,0x9855d741681a7995015e65a3a8cad1012a47ed1d671474b1af12cf13acd8c5e4,3000002,1,0xad668c2e5902e2c403008e67bcdd0b17e82f7618,0x3900afd6613022d8e37a9ba945e02ee920bc48dc,0,1000000,20000000000,0x19efa3b90000000000000000000000009205780d9ad377abc3b5c393a0853b344f116cdb3e66d568f74a37f70695aa62aa96ac74e580e162d5b216ed5452ef930b370056,1607677065
0xafc4459f6ea5c21099f9182d69f1e353b6d5b777e1bb88fec97b0a059714a256,54338,0x9855d741681a7995015e65a3a8cad1012a47ed1d671474b1af12cf13acd8c5e4,3000002,2,0x922c5555efa44d708eec8751b86adde89118e1d4,0x3900afd6613022d8e37a9ba945e02ee920bc48dc,0,1000000,20000000000,0x19efa3b900000000000000000000000008b72432320b1691cfae04d81a1f7138b5675b8a994ba3a7f7de810036f91ca5f01355c7282db8b027eb492c9b6314824c1266da,1607677065
0x76ae787159ba2a3b8bbcbc9f0b25360ac113d39e698230cd8b55da4e1e78c25a,121940,0x9855d741681a7995015e65a3a8cad1012a47ed1d671474b1af12cf13acd8c5e4,3000002,3,0x685b1ded8013785d6623cc18d214320b6bb64759,0x0000000000000000000000000000000000001000,12076759000000000,9223372036854775807,0,0xf340fa01000000000000000000000000685b1ded8013785d6623cc18d214320b6bb64759,1607677065
0xf834b33b630d9fce64e9c005624b986ef8259263d1c4a415c3b988080cd575ea,13,0x6e80d790cea8eeb38a477e38786cf7dce95486565ea009b0c11469cdb27ad865,3000003,0,0x6f7965991b6a25bdcda9907e62e318bb7c444e26,0x2c82ac9b33b7a49fd1f8af3d9eafcdb8dca05073,3000000000000000,21000,23000000000,0x,1607677068
0x5171a27a80ddb4aa2d7e4dd0d6fb6f43df94451eb9d41f4ce8c9639024afbb75,6,0x6e80d790cea8eeb38a477e38786cf7dce95486565ea009b0c11469cdb27ad865,3000003,1,0x6cd44be9948ceff41ed757c2b6e6d79d33fd9bb3,0x555ea72d7347e82c614c16f005fa91caf06dcb5a,0,137026,20000000000,0xd0e30db0,1607677068
0xe0d70d67bc0d32df88d66e7f0074235a582c04fcd241348dd440d00a35764e44,2,0x6e80d790cea8eeb38a477e38786cf7dce95486565ea009b0c11469cdb27ad865,3000003,2,0x5d7f7118d5da809c0db0ec7e865a73ecb97a9795,0x0e09fabb73bd3ade0a17ecc321fd13a19e81ce82,0,130000,20000000000,0xa9059cbb000000000000000000000000a433d8d28d25906da71c4cc94d8a559f08da8b210000000000000000000000000000000000000000000000005b085b37caddf480,1607677068
0x8cc5012fcdaf890733e8ecf8d1f07697cc5eb4d86fa1030183aaa1cd4e24bf9b,7,0x6e80d790cea8eeb38a477e38786cf7dce95486565ea009b0c11469cdb27ad865,3000003,3,0x3193c8688652e64951131fe65fc96c2a85d45faa,0x555ea72d7347e82c614c16f005fa91caf06dcb5a,0,150000,20000000000,0x2e1a7d4d0000000000000000000000000000000000000000000000008ac7230489e80000,1607677068
0x1b41a9b05703e9dba7387e1af499de5002422ab0e1d04769d24f6a3e5a19bcc8,226047,0x6e80d790cea8eeb38a477e38786cf7dce95486565ea009b0c11469cdb27ad865,3000003,4,0x43a8c01c49e1c921ee659c2410e9af106c933f7d,0x212fc0789ba7e1a59a76bda6d9cb96268253d70e,0,1000000,20000000000,0x0f770a000000000000000000000000002ed1f2723f726101b9dfc126caaecedcd389b05a00000000000000000000000000000000000000000000000000000000000000000000000000000000000000000000000000000000000000000000000000d03d626b5eb9dc2b5039625100c960a201c48de9497b4c55eb2c7f796c76a1dd6c32d0,1607677068
0x781f1e2d25a86e114f27071b70be03932afdc2b597dc6ae886c6f7879585ae24,8,0x6e80d790cea8eeb38a477e38786cf7dce95486565ea009b0c11469cdb27ad865,3000003,5,0xf4b07fef942ec8d852f0f0f05534480ac0c5d58a,0x0e09fabb73bd3ade0a17ecc321fd13a19e81ce82,0,130000,20000000000,0xa9059cbb000000000000000000000000a433d8d28d25906da71c4cc94d8a559f08da8b210000000000000000000000000000000000000000000000002c75c9cdf7644c00,1607677068
0x4e54327054a93719c824d72869f1fb14eadde25301a84eb2cd046a23b19d5fb6,62,0x6e80d790cea8eeb38a477e38786cf7dce95486565ea009b0c11469cdb27ad865,3000003,6,0x6f4c90ee8300816af81e1a1f5c95e9fe2f55b84d,0x6e00518100766cc5ca4d22aacfd44cecf1489d2e,300000000000000000,1000000,20000000000,0xff98cdd000000000000000000000000000000000000000000000000000000000000000000000000000000000000000000000000000000000000000000000000000000000000000000000000000000000000000000000000000000000000000000000001e000000000000000000000000000000000000000000000000000000000000000000000000000000000000000000000000000000000000000000000000000000a000000000000000000000000000000000000000000000000000000000000000056161686177000000000000000000000000000000000000000000000000000000,1607677068
0xe8fff09b40780210418993699a6b0d2bb6ce4dba4e4f82cb43eb2b57d8a3f113,2,0x6e80d790cea8eeb38a477e38786cf7dce95486565ea009b0c11469cdb27ad865,3000003,7,0x097ac2a8587c59ec68485d3b3d066e91328cc26c,0x0e09fabb73bd3ade0a17ecc321fd13a19e81ce82,0,130000,20000000000,0xa9059cbb000000000000000000000000a433d8d28d25906da71c4cc94d8a559f08da8b2100000000000000000000000000000000000000000000000074e7f207a95ded00,1607677068
0x3be3b5944adf0570e34ecfd09df3067cbaa070492e1b148cac6538d5c096f890,7,0x6e80d790cea8eeb38a477e38786cf7dce95486565ea009b0c11469cdb27ad865,3000003,8,0x28cd3d9851530cda974770eece88624b8d201bd5,0x555ea72d7347e82c614c16f005fa91caf06dcb5a,0,150000,20000000000,0x2e1a7d4d0000000000000000000000000000000000000000000000008ac7230489e80000,1607677068
0x85528e161f2bd1358e5f7c22204e6d025aedc1af0536760e7901bc8953272b46,8,0x6e80d790cea8eeb38a477e38786cf7dce95486565ea009b0c11469cdb27ad865,3000003,9,0x5865803139266e10b42b162e1a9a1e4055254804,0x0e09fabb73bd3ade0a17ecc321fd13a19e81ce82,0,130000,20000000000,0xa9059cbb000000000000000000000000a433d8d28d25906da71c4cc94d8a559f08da8b210000000000000000000000000000000000000000000000002b5213948e9e4680,1607677068
0xa3ed6c6baf8e773d3076164d18a72aca16ee622145d8a68a97288ef551e14c2b,342,0x6e80d790cea8eeb38a477e38786cf7dce95486565ea009b0c11469cdb27ad865,3000003,10,0x68e42e238721eac51adba61ab0a16775af121129,0x05ff2b0db69458a0750badebc4f9e13add608c7f,0,170024,20000000000,0x18cbafe5000000000000000000000000000000000000000000000000fa4b5419e04756fe00000000000000000000000000000000000000000000000003d8fc6c622f142b00000000000000000000000000000000000000000000000000000000000000a000000000000000000000000068e42e238721eac51adba61ab0a16775af121129000000000000000000000000000000000000000000000000000000005fd3393200000000000000000000000000000000000000000000000000000000000000020000000000000000000000000e09fabb73bd3ade0a17ecc321fd13a19e81ce82000000000000000000000000bb4cdb9cbd36b01bd1cbaebf2de08d9173bc095c,1607677068
0x31499481df241bff1f2293dc0ccc3eb5f8714aadc77bbab3f0c27d8e129dd538,5,0x6e80d790cea8eeb38a477e38786cf7dce95486565ea009b0c11469cdb27ad865,3000003,11,0xb2c688c939e5e872e8fdeca582569c4e7e986b1d,0x0e09fabb73bd3ade0a17ecc321fd13a19e81ce82,0,130000,20000000000,0xa9059cbb000000000000000000000000a433d8d28d25906da71c4cc94d8a559f08da8b210000000000000000000000000000000000000000000000002e654838b4bb3f00,1607677068
0x79e33ec8dc4dae93387a3e9ab656a9f1dc9ad133e8aa1b17b76fd67af3b3486c,1,0x6e80d790cea8eeb38a477e38786cf7dce95486565ea009b0c11469cdb27ad865,3000003,12,0x4aaecaa68b79d8fa972fa70fae1bb0b50b971a82,0x555ea72d7347e82c614c16f005fa91caf06dcb5a,0,150000,20000000000,0x2e1a7d4d0000000000000000000000000000000000000000000000008ac7230489e80000,1607677068
0xb190d41fd45475cca21c5fb664dca5dc98eb21dbcc4ca6680b3cc120e6759519,4,0x6e80d790cea8eeb38a477e38786cf7dce95486565ea009b0c11469cdb27ad865,3000003,13,0xbfcb25f26209932c510f6d1375da9934db5a5f7b,0x555ea72d7347e82c614c16f005fa91caf06dcb5a,0,150000,20000000000,0x2e1a7d4d0000000000000000000000000000000000000000000000008ac7230489e80000,1607677068
0xf0b5a894b0156f097d47b9c0a4c59c4b3eb0e539663a3731f63be48ffbc6c9d2,1,0x6e80d790cea8eeb38a477e38786cf7dce95486565ea009b0c11469cdb27ad865,3000003,14,0x629e0c910e7fa5d96448812ca365be725bdaef5b,0x555ea72d7347e82c614c16f005fa91caf06dcb5a,0,150000,20000000000,0x2e1a7d4d0000000000000000000000000000000000000000000000008ac7230489e80000,1607677068
0x84bf22f4a2754a6b4a403a4f4724503a56c8133121b27e3961787f5dc299f226,121211,0x6e80d790cea8eeb38a477e38786cf7dce95486565ea009b0c11469cdb27ad865,3000003,15,0x68bf0b8b6fb4e317a0f9d6f03eaf8ce6675bc60d,0x0000000000000000000000000000000000001000,16708660000000000,9223372036854775807,0,0xf340fa0100000000000000000000000068bf0b8b6fb4e317a0f9d6f03eaf8ce6675bc60d,1607677068
0xd2747a9e4dbdeb79969fddbb32358a7113791cba882aa47389f7c70e47a0d1cd,401,0x5e3a5a8380f2130bf48fecf37e915c34b6e5e250dd766db67122bb9d2f568d1d,3000004,0,0x14f2321d8ac3eda3ff8bf70197e4e2d14e24ed11,0x05ff2b0db69458a0750badebc4f9e13add608c7f,0,1500000,25000000000,0x18cbafe500000000000000000000000000000000000000000000006c6b935b8bbd40000000000000000000000000000000000000000000000000000000e7ae4627b4b1c800000000000000000000000000000000000000000000000000000000000000a000000000000000000000000014f2321d8ac3eda3ff8bf70197e4e2d14e24ed11000000000000000000000000000000000000000000000000000000005fd3380c000000000000000000000000000000000000000000000000000000000000000200000000000000000000000002e3efcc9d912fbf2bf33d39f43427b56512c9b4000000000000000000000000bb4cdb9cbd36b01bd1cbaebf2de08d9173bc095c,1607677071
0x44ca77349567ca069a83eedcdbaf64c8c52a66858f1e90f6a332b032bd70595f,308,0x5e3a5a8380f2130bf48fecf37e915c34b6e5e250dd766db67122bb9d2f568d1d,3000004,1,0xe5518670345b2519cb52902ca9757922b0a0c99d,0x05ff2b0db69458a0750badebc4f9e13add608c7f,0,1500000,25000000000,0x18cbafe500000000000000000000000000000000000000000000003635c9adc5dea000000000000000000000000000000000000000000000000000000050b188350d447c00000000000000000000000000000000000000000000000000000000000000a0000000000000000000000000e5518670345b2519cb52902ca9757922b0a0c99d000000000000000000000000000000000000000000000000000000005fd3380d000000000000000000000000000000000000000000000000000000000000000200000000000000000000000002e3efcc9d912fbf2bf33d39f43427b56512c9b4000000000000000000000000bb4cdb9cbd36b01bd1cbaebf2de08d9173bc095c,1607677071
0xd2728009c1b5244b323af8aed619ee1fbfbbcb761e99125e28ec65c2f4fc2016,33,0x5e3a5a8380f2130bf48fecf37e915c34b6e5e250dd766db67122bb9d2f568d1d,3000004,2,0x08b72432320b1691cfae04d81a1f7138b5675b8a,0x6e00518100766cc5ca4d22aacfd44cecf1489d2e,400000000000000000,1000000,20000000000,0xff98cdd000000000000000000000000000000000000000000000000000000000000000000000000000000000000000000000000000000000000000000000000000000000000000000000000000000000000000000000000000000000000000000000001e000000000000000000000000000000000000000000000000000000000000000000000000000000000000000000000000000000000000000000000000000000a00000000000000000000000000000000000000000000000000000000000000008706f6c6667616e67000000000000000000000000000000000000000000000000,1607677071
0x5f20361d30844e602c6d8aca86d49ea7334dcb3ad13b6c919e23658cf7e96bb6,120862,0x5e3a5a8380f2130bf48fecf37e915c34b6e5e250dd766db67122bb9d2f568d1d,3000004,3,0x6bbad7cf34b5fa511d8e963dbba288b1960e75d6,0x0000000000000000000000000000000000001000,7914070000000000,9223372036854775807,0,0xf340fa010000000000000000000000006bbad7cf34b5fa511d8e963dbba288b1960e75d6,1607677071
0x1ae41cbf508913275857c9c330c2a30d57a73c9de807b7dd52260f1082da1ded,7,0x47ddc4a2e78b4bb7ac72d85b2c51a07c54ea986a5f3661d5f893cd86c4404c40,3000005,0,0xbf860aeadbdb05c8a114ab0e9ee70ba2bc1a695b,0x555ea72d7347e82c614c16f005fa91caf06dcb5a,0,150000,20000000000,0x2e1a7d4d0000000000000000000000000000000000000000000000008ac7230489e80000,1607677074
0xa12c188c94e6823504bd625b83d17352d233a2d0819a864675cd753bafdd95d8,8,0x47ddc4a2e78b4bb7ac72d85b2c51a07c54ea986a5f3661d5f893cd86c4404c40,3000005,1,0x0102b75b2c75729b9327ad0de2094a368e69083c,0x0e09fabb73bd3ade0a17ecc321fd13a19e81ce82,0,130000,20000000000,0xa9059cbb000000000000000000000000a433d8d28d25906da71c4cc94d8a559f08da8b210000000000000000000000000000000000000000000000002c75cf4edf9d4280,1607677074
0x86ca3ef438e1f18483da7aee9217854a833dca15b1a2bbd11d62d6742b72dba3,226048,0x47ddc4a2e78b4bb7ac72d85b2c51a07c54ea986a5f3661d5f893cd86c4404c40,3000005,2,0x43a8c01c49e1c921ee659c2410e9af106c933f7d,0x212fc0789ba7e1a59a76bda6d9cb96268253d70e,0,1000000,20000000000,0x0f770a000000000000000000000000002ed48d80098fdab0436e781fa0d8af56a731c31a00000000000000000000000000000000000000000000000000000000000000000000000000000000000000000000000000000000000000000000009d0c23bdde21bdf6778e08164a3bf4249bd4eb7f1cbc947bc3ed8a121c697de0627573a8e6,1607677074
0x546a5c1d82fad6b3a051cf63206e83ed070e3dee2d506c465967c8609eb4e244,16,0x47ddc4a2e78b4bb7ac72d85b2c51a07c54ea986a5f3661d5f893cd86c4404c40,3000005,3,0xb3c67f346b99152cdcc8b82b1c0b6bc0b968dce0,0x326d754c64329ad7cb35744770d56d0e1f3b3124,0,160533,20000000000,0xb6b55f250000000000000000000000000000000000000000000000041eb63d55b1b00000,1607677074
0x90d5c0bb595f05d4d36b50b1d9d1648dc246053a61c88f74c61eb8bd5a462366,1,0x47ddc4a2e78b4bb7ac72d85b2c51a07c54ea986a5f3661d5f893cd86c4404c40,3000005,4,0xfcbc71cbf9e429c2d90758969577d681cc2330c6,0x555ea72d7347e82c614c16f005fa91caf06dcb5a,0,150000,20000000000,0x2e1a7d4d0000000000000000000000000000000000000000000000008ac7230489e80000,1607677074
0xd5cdb50e62b13ef645312ca5bfb725c3c7438fa90525255f0ce07cda9fce8587,49533,0x47ddc4a2e78b4bb7ac72d85b2c51a07c54ea986a5f3661d5f893cd86c4404c40,3000005,5,0xc524faaed591471a0b5fc93288fd8fe6f45d7b64,0x3900afd6613022d8e37a9ba945e02ee920bc48dc,0,1000000,20000000000,0x19efa3b90000000000000000000000006f4c90ee8300816af81e1a1f5c95e9fe2f55b84d7ec87d0ed362f665497d518b1c5dbf6f8ced5e7dfdd7f9c7db577f707a1763ef,1607677074
0x0f0bd62c81d052ace41864be3e021d6a3b2d19bd66282b9e19d5189bcd8b3f4d,7,0x47ddc4a2e78b4bb7ac72d85b2c51a07c54ea986a5f3661d5f893cd86c4404c40,3000005,6,0x59467de34f091e84c01cd88e3dfdb873094ea0c5,0x555ea72d7347e82c614c16f005fa91caf06dcb5a,0,150000,20000000000,0x2e1a7d4d0000000000000000000000000000000000000000000000008ac7230489e80000,1607677074
0x6a4e4c97e8d70009c6f4b4c059a32bb879294e1518ef36ead653a03e37af2c76,2,0x47ddc4a2e78b4bb7ac72d85b2c51a07c54ea986a5f3661d5f893cd86c4404c40,3000005,7,0x9ca42c77d4beeb39a093b919a3157eccf8ff37d6,0x0e09fabb73bd3ade0a17ecc321fd13a19e81ce82,0,130000,20000000000,0xa9059cbb000000000000000000000000a433d8d28d25906da71c4cc94d8a559f08da8b210000000000000000000000000000000000000000000000005b0855b1af13a500,1607677074
0x212b7442fe0b79e87c3f03147855a39af54095289d7fb18df67ea978d7a43283,4,0x47ddc4a2e78b4bb7ac72d85b2c51a07c54ea986a5f3661d5f893cd86c4404c40,3000005,8,0xc50061d492cd20bb72274c7cc9dacd6dacafdc6f,0x555ea72d7347e82c614c16f005fa91caf06dcb5a,0,150000,20000000000,0x2e1a7d4d0000000000000000000000000000000000000000000000008ac7230489e80000,1607677074
0x30e56a2aa8ef1358378961bfea053eb6679b204420ef2e8a6618fa27cf127f04,5,0x47ddc4a2e78b4bb7ac72d85b2c51a07c54ea986a5f3661d5f893cd86c4404c40,3000005,9,0x3cc033577d9a3c145e0e03b49051b4e06941edd6,0x0e09fabb73bd3ade0a17ecc321fd13a19e81ce82,0,130000,20000000000,0xa9059cbb000000000000000000000000a433d8d28d25906da71c4cc94d8a559f08da8b210000000000000000000000000000000000000000000000002e654b7f00deea00,1607677074
0xa8be99535d75beb92b93a3f33d862f8baec4618ae6dceee87e1c1cbb2e47c117,3081,0x47ddc4a2e78b4bb7ac72d85b2c51a07c54ea986a5f3661d5f893cd86c4404c40,3000005,10,0xbce03405638247f5ca3ea767b2367b1af307ea81,0xecaec5352cfb49565c1fd82377614707f71a8a65,0,44382,20000000000,0x095ea7b300000000000000000000000004d7242667c3883e35e1b6d0a2b793cf5fa4c509ffffffffffffffffffffffffffffffffffffffffffffffffffffffffffffffff,1607677074
0xbf1e94217da0d840d9c3c929f23d0fe3936e439695a849106db807e1aac5c13b,2,0x47ddc4a2e78b4bb7ac72d85b2c51a07c54ea986a5f3661d5f893cd86c4404c40,3000005,11,0x27c8c02ca4edde1fafdb3686ed101d4594b688ed,0x0e09fabb73bd3ade0a17ecc321fd13a19e81ce82,0,130000,20000000000,0xa9059cbb000000000000000000000000a433d8d28d25906da71c4cc94d8a559f08da8b2100000000000000000000000000000000000000000000000074e7e52bccac4b00,1607677074
0x073d8200a10364acda3137e3eb79ccc2b12cf937bf1ce595cebad86c9336a428,1,0x47ddc4a2e78b4bb7ac72d85b2c51a07c54ea986a5f3661d5f893cd86c4404c40,3000005,12,0x79a88569cb5ba553c6579c87c74bfce0e66bef0a,0x555ea72d7347e82c614c16f005fa91caf06dcb5a,0,150000,20000000000,0x2e1a7d4d0000000000000000000000000000000000000000000000008ac7230489e80000,1607677074
0xb64bf55a07625a63a0ccbeabeda1140413b0167152dd45f99a4d99505a4a8ff4,8,0x47ddc4a2e78b4bb7ac72d85b2c51a07c54ea986a5f3661d5f893cd86c4404c40,3000005,13,0xa333764e5eab6e3375cf4a8a01a013e34c852eb4,0x0e09fabb73bd3ade0a17ecc321fd13a19e81ce82,0,130000,20000000000,0xa9059cbb000000000000000000000000a433d8d28d25906da71c4cc94d8a559f08da8b210000000000000000000000000000000000000000000000002b52171c93f4eb80,1607677074
0xc7902fe1e1c087921e2ffb673aa20e012cdd831b66b9a07e001b83c90bbcd058,102611,0x47ddc4a2e78b4bb7ac72d85b2c51a07c54ea986a5f3661d5f893cd86c4404c40,3000005,14,0x72b61c6014342d914470ec7ac2975be345796c2b,0x0000000000000000000000000000000000001000,15877920000000000,9223372036854775807,0,0xf340fa0100000000000000000000000072b61c6014342d914470ec7ac2975be345796c2b,1607677074
0xe2c6c779ffbc53ccb2952be5efd8a4ce222e59d901b84dbedc708cd1cd102bac,54339,0xc40fe9f13a66a8f066ad9b84fa8c075a08ed1f8de5359fec370ae1a662d8ed50,3000006,0,0x922c5555efa44d708eec8751b86adde89118e1d4,0x3900afd6613022d8e37a9ba945e02ee920bc48dc,0,1000000,20000000000,0x19efa3b900000000000000000000000008b72432320b1691cfae04d81a1f7138b5675b8abb4b2e5b3019897e533e7dafeb9cf72ad6970ba3d9ebbb2f54248995ccad15eb,1607677077
0xd46a4136d848604a1e547ff143354838cfcf2a6e4d12f3378e3f8843af2cf06b,120,0xc40fe9f13a66a8f066ad9b84fa8c075a08ed1f8de5359fec370ae1a662d8ed50,3000006,1,0xe780a34002214698722c7ef0d60da10875913887,0xfb1088dae0f03c5123587d2babb3f307831e6367,0,162801,20000000000,0x2e1a7d4d000000000000000000000000000000000000000000000048f40bfc67d6b58000,1607677077
0x06ac30fc030aad0066b95140bcb123f043073ea22304c9f8993a9e01c2586646,122,0xc40fe9f13a66a8f066ad9b84fa8c075a08ed1f8de5359fec370ae1a662d8ed50,3000006,2,0x9205780d9ad377abc3b5c393a0853b344f116cdb,0x6e00518100766cc5ca4d22aacfd44cecf1489d2e,200000000000000000,1000000,20000000000,0xff98cdd0000000000000000000000000000000000000000000000000000000000000000000000000000000000000000000000000000000000000000000000000000000000000000000000000000000000000000000000000000000000000000000000032000000000000000000000000000000000000000000000000000000000000000100000000000000000000000000000000000000000000000000000000000000a00000000000000000000000000000000000000000000000000000000000000000,1607677077
0x4b8f0b41b071831fc5a9dfd425e792f7b05288012df362dd9c1c11cdd8df015e,118126,0xc40fe9f13a66a8f066ad9b84fa8c075a08ed1f8de5359fec370ae1a662d8ed50,3000006,3,0x78f3adfc719c99674c072166708589033e2d9afe,0x0000000000000000000000000000000000001000,5780760000000000,9223372036854775807,0,0xf340fa0100000000000000000000000078f3adfc719c99674c072166708589033e2d9afe,1607677077
0x50660a1446da1abc74dbe48de0e7a409c8bccdc4d3c8efc6bbc77981c96f94d3,1,0x39b3b0a4d2fd75cf2d3d619c401b1ebe5a956914971336f17a98b267338bea12,3000007,0,0x9856469027e7e059ba25479288b0f491ce5df1e2,0x555ea72d7347e82c614c16f005fa91caf06dcb5a,0,150000,20000000000,0x2e1a7d4d0000000000000000000000000000000000000000000000008ac7230489e80000,1607677080
0x239c98b00a6a47431027953f5746aff6c17e7bc8dcfa9d26f9bf76086085dd97,8,0x39b3b0a4d2fd75cf2d3d619c401b1ebe5a956914971336f17a98b267338bea12,3000007,1,0xa3427cc3fd6b4819b2fac0180702d9fa1c6815c8,0x0e09fabb73bd3ade0a17ecc321fd13a19e81ce82,0,130000,20000000000,0xa9059cbb000000000000000000000000a433d8d28d25906da71c4cc94d8a559f08da8b210000000000000000000000000000000000000000000000002c75d4d9281da880,1607677080
0x930b9943ae5183df1499c0eb3ed149ba6d91559684281f8af7e7a19ae26b6057,226049,0x39b3b0a4d2fd75cf2d3d619c401b1ebe5a956914971336f17a98b267338bea12,3000007,2,0x43a8c01c49e1c921ee659c2410e9af106c933f7d,0x212fc0789ba7e1a59a76bda6d9cb96268253d70e,0,1000000,20000000000,0x0f770a000000000000000000000000002ed8c5dfb4773ffb46c9d2a8fb9f802e4e22fe7e0000000000000000000000000000000000000000000000000000000000000000000000000000000000000000000000000000000000000000000000998e4c20a618b9fb2512d64e677857698cf16e6eb3770cabab4ce0adc90a52c350fa8d6e2f,1607677080
0x6f68a95c064f0a9ba1f15b79c99fcc910506196fe658e5fbf26dcd823dc2e768,63,0x39b3b0a4d2fd75cf2d3d619c401b1ebe5a956914971336f17a98b267338bea12,3000007,3,0x6f4c90ee8300816af81e1a1f5c95e9fe2f55b84d,0x6e00518100766cc5ca4d22aacfd44cecf1489d2e,1000000000000000000,1000000,20000000000,0xff98cdd0000000000000000000000000000000000000000000000000000000000000000000000000000000000000000000000000000000000000000000000000000000000000000000000000000000000000000000000000000000000000000000000059000000000000000000000000000000000000000000000000000000000000000000000000000000000000000000000000000000000000000000000000000000a000000000000000000000000000000000000000000000000000000000000000056161686177000000000000000000000000000000000000000000000000000000,1607677080
0x9dcef085ec8157b3c5cffa44ca2c8f3cdc6155d07833700817cc1d79e44b1fec,2,0x39b3b0a4d2fd75cf2d3d619c401b1ebe5a956914971336f17a98b267338bea12,3000007,4,0x1d4f8997b820c1028d17417056b519cbd487615a,0x0e09fabb73bd3ade0a17ecc321fd13a19e81ce82,0,130000,20000000000,0xa9059cbb000000000000000000000000a433d8d28d25906da71c4cc94d8a559f08da8b210000000000000000000000000000000000000000000000005b085036f7254b80,1607677080
0x7358d7fdec223918812b8b2d3f028f589135d773860e47b37c1612abd9773554,10756,0x39b3b0a4d2fd75cf2d3d619c401b1ebe5a956914971336f17a98b267338bea12,3000007,5,0x19c9d6a6f96af857f2146c5ca14bddc47715dfc3,0xca56d2ee1341d5b67fcd058752b2fa2d0760db1c,2690000000000000000,21000,20000000000,0x,1607677080
0x388cb678cfeedfcc73f473df97b1e17609ae4d3f21da007908f537410f4c9992,7,0x39b3b0a4d2fd75cf2d3d619c401b1ebe5a956914971336f17a98b267338bea12,3000007,6,0xb5658bc857d4e82b53addb0c55fddf885d768898,0x555ea72d7347e82c614c16f005fa91caf06dcb5a,0,150000,20000000000,0x2e1a7d4d0000000000000000000000000000000000000000000000008ac7230489e80000,1607677080
0x01d25ad279a1d4727131188df28fb762b6c5b549c43729cb4d25b4ce520ceb48,7,0x39b3b0a4d2fd75cf2d3d619c401b1ebe5a956914971336f17a98b267338bea12,3000007,7,0x81629bb6a53a10886f8ba634981a49d5aa1e0431,0x555ea72d7347e82c614c16f005fa91caf06dcb5a,0,150000,20000000000,0x2e1a7d4d0000000000000000000000000000000000000000000000008ac7230489e80000,1607677080
0x74d92d888b8e8005f89fbdb01197358fcbeca387076b72401a396a4d5665360b,1,0x39b3b0a4d2fd75cf2d3d619c401b1ebe5a956914971336f17a98b267338bea12,3000007,8,0x8b9a5f0fec015978e4538f4c95ecb45f52f9e77d,0x555ea72d7347e82c614c16f005fa91caf06dcb5a,0,150000,20000000000,0x2e1a7d4d0000000000000000000000000000000000000000000000008ac7230489e80000,1607677080
0xae42851c6023300130eb85a63598e28f9ebdc46b8846b76ea23fe32eccfcd96c,5,0x39b3b0a4d2fd75cf2d3d619c401b1ebe5a956914971336f17a98b267338bea12,3000007,9,0xc6e5103d26abefd8380489dc43cb4d5d8d2b6070,0x0e09fabb73bd3ade0a17ecc321fd13a19e81ce82,0,130000,20000000000,0xa9059cbb000000000000000000000000a433d8d28d25906da71c4cc94d8a559f08da8b210000000000000000000000000000000000000000000000002e654ece41679c00,1607677080
0x524fbb2653c1d3a8d656d2bde7dee9bcf38f4d1d0c375d1bd14f1f2cd7e2c649,8,0x39b3b0a4d2fd75cf2d3d619c401b1ebe5a956914971336f17a98b267338bea12,3000007,10,0x62d9e99a3264c8b30401f4bc37a3533fac0e01ea,0x0e09fabb73bd3ade0a17ecc321fd13a19e81ce82,0,130000,20000000000,0xa9059cbb000000000000000000000000a433d8d28d25906da71c4cc94d8a559f08da8b210000000000000000000000000000000000000000000000002b521aad8db09780,1607677080
0xa98ee66af7371fcedac0ca1f55f8f2e2bb294b645f8426aa6f4549cc1e0f8760,2,0x39b3b0a4d2fd75cf2d3d619c401b1ebe5a956914971336f17a98b267338bea12,3000007,11,0x9e4cb73f4efdfefc76729325be062805bb1658fb,0x0e09fabb73bd3ade0a17ecc321fd13a19e81ce82,0,130000,20000000000,0xa9059cbb000000000000000000000000a433d8d28d25906da71c4cc94d8a559f08da8b2100000000000000000000000000000000000000000000000074e7d85bae6ffb00,1607677080
0xbaf0e20fd1739e539f5debe1e6ce979fdfc69d4a94a106aa7c9a14732fd38550,4,0x39b3b0a4d2fd75cf2d3d619c401b1ebe5a956914971336f17a98b267338bea12,3000007,12,0x72721e73bfc62c90cd07c32d7060a2adb0ad1608,0x555ea72d7347e82c614c16f005fa91caf06dcb5a,0,150000,20000000000,0x2e1a7d4d0000000000000000000000000000000000000000000000008ac7230489e80000,1607677080
0xbfe376c93c686ece856c587b0b4b7b89244ece93d2d0e21b1eb5e6acdae38510,63,0x39b3b0a4d2fd75cf2d3d619c401b1ebe5a956914971336f17a98b267338bea12,3000007,13,0xee1932ef59cba7e77121e4826c64d74d9932ba9b,0x05ff2b0db69458a0750badebc4f9e13add608c7f,0,291392,20000000000,0xded9382a0000000000000000000000000e09fabb73bd3ade0a17ecc321fd13a19e81ce82000000000000000000000000000000000000000000000000d02ab486cedc00000000000000000000000000000000000000000000000000071c4e60f5aa9e873a0000000000000000000000000000000000000000000000001c34f6aa369fa99c000000000000000000000000ee1932ef59cba7e77121e4826c64d74d9932ba9b000000000000000000000000000000000000000000000000000000005fd339350000000000000000000000000000000000000000000000000000000000000000000000000000000000000000000000000000000000000000000000000000001b9d94481925fea4d48b31c60070e9ad316ce667ad1e078239d7f61445f051bc9610530bd1afb3194e15890905ca540c35baf72e3009f39308de42c31e4d0dd589,1607677080
0x30345187188eac0e5a46c26beab87bfffd9171ae30c5c792cdc93f0d79b94154,122197,0x39b3b0a4d2fd75cf2d3d619c401b1ebe5a956914971336f17a98b267338bea12,3000007,14,0x7ae2f5b9e386cd1b50a4550696d957cb4900f03a,0x0000000000000000000000000000000000001000,16807380000000000,9223372036854775807,0,0xf340fa010000000000000000000000007ae2f5b9e386cd1b50a4550696d957cb4900f03a,1607677080
0xfa83d09979160ef7a0ccf7f67711d03314c34af70fa5145d904ac04e52f5bc97,34,0x2bdc5e2351fbe6c1f40d7da27a53607eac00a48743fc347596ac7313594105af,3000008,0,0x08b72432320b1691cfae04d81a1f7138b5675b8a,0x6e00518100766cc5ca4d22aacfd44cecf1489d2e,2000000000000000000,1000000,20000000000,0xff98cdd000000000000000000000000000000000000000000000000000000000000000000000000000000000000000000000000000000000000000000000000000000000000000000000000000000000000000000000000000000000000000000000003e000000000000000000000000000000000000000000000000000000000000000000000000000000000000000000000000000000000000000000000000000000a00000000000000000000000000000000000000000000000000000000000000008706f6c6667616e67000000000000000000000000000000000000000000000000,1607677083
0x3e499a9f85ca6dc9598309114b1ad3b2d531ee103667f625c24df8a284dc612c,69209,0x2bdc5e2351fbe6c1f40d7da27a53607eac00a48743fc347596ac7313594105af,3000008,1,0xad668c2e5902e2c403008e67bcdd0b17e82f7618,0x3900afd6613022d8e37a9ba945e02ee920bc48dc,0,1000000,20000000000,0x19efa3b90000000000000000000000009205780d9ad377abc3b5c393a0853b344f116cdb57a355729b5815d9bf8ed65d4893af093fb163812714d92a22fa9104e60fbb22,1607677083
0x357fce31b4942c342ce4f7e9fbea1a5e04ebf8720a9cab66d99f3735b754ac90,2561,0x2bdc5e2351fbe6c1f40d7da27a53607eac00a48743fc347596ac7313594105af,3000008,2,0x9cefa8b69949f4d7fc1c91e4a470dde08ce6e05d,0x2e6f76eb65286a3a317de9073effb253671148b0,0,308114,20000000000,0x7b0472f00000000000000000000000000000000000000000000000000000000000000008000000000000000000000000000000000000000000000000000000000000010a,1607677083
0x2c0ae8c38f10540582a9c573ef1dd539ac2aa17e6faba736cfce65345de12ec4,66015,0x2bdc5e2351fbe6c1f40d7da27a53607eac00a48743fc347596ac7313594105af,3000008,3,0x82012708dafc9e1b880fd083b32182b869be8e09,0x0000000000000000000000000000000000001000,9541140000000000,9223372036854775807,0,0xf340fa0100000000000000000000000082012708dafc9e1b880fd083b32182b869be8e09,1607677083
0x372726f472998c66ab05364386c1287b0ca3a8736ef2e7fedc42e42cf6a9f815,8,0xe7e3c75872f08c91e8e2d22d7234d65ca233f419418b790d0c2659e138e65ee8,3000009,0,0x15e87add2e9ad23eee0bab248d3a0a2858fcdafa,0x0e09fabb73bd3ade0a17ecc321fd13a19e81ce82,0,130000,20000000000,0xa9059cbb000000000000000000000000a433d8d28d25906da71c4cc94d8a559f08da8b210000000000000000000000000000000000000000000000002c75da6c21a8a700,1607677086
0xe52bd828c44e4a0a064585f7a4154a06f29c523415a907e6ca63f84d126e4fd0,2,0xe7e3c75872f08c91e8e2d22d7234d65ca233f419418b790d0c2659e138e65ee8,3000009,1,0xab2e3d55363b6c282c49338bfe508714b48b832c,0x0e09fabb73bd3ade0a17ecc321fd13a19e81ce82,0,130000,20000000000,0xa9059cbb000000000000000000000000a433d8d28d25906da71c4cc94d8a559f08da8b210000000000000000000000000000000000000000000000005b084ac7a60dd880,1607677086
0xe9ce6f1d9c5f8a031334e1d875bff3b223bc40867e8ede689891aad8bcdd7980,555,0xe7e3c75872f08c91e8e2d22d7234d65ca233f419418b790d0c2659e138e65ee8,3000009,2,0x8d4241634d9c9f41fdcd3fbcb1b3162f1a365ac9,0x73feaa1ee314f8c655e354234017be2193c9e24e,0,166993,20000000000,0xe2bbb158000000000000000000000000000000000000000000000000000000000000000e0000000000000000000000000000000000000000000000000000000000000000,1607677086
0x0ddb74bceb9c56120835b906b6ff1904f52302f27a350123c163a097d4a71ccb,556,0xe7e3c75872f08c91e8e2d22d7234d65ca233f419418b790d0c2659e138e65ee8,3000009,3,0x8d4241634d9c9f41fdcd3fbcb1b3162f1a365ac9,0x73feaa1ee314f8c655e354234017be2193c9e24e,0,166993,20000000000,0xe2bbb158000000000000000000000000000000000000000000000000000000000000001a0000000000000000000000000000000000000000000000000000000000000000,1607677086
0x1d94391146f68dc7684096aca897604036fd1b78e08b072fa2e70587ecf4f241,7,0xe7e3c75872f08c91e8e2d22d7234d65ca233f419418b790d0c2659e138e65ee8,3000009,4,0xbb41593b46814fce796fe02e72360243d8ea0dfa,0x555ea72d7347e82c614c16f005fa91caf06dcb5a,0,150000,20000000000,0x2e1a7d4d0000000000000000000000000000000000000000000000008ac7230489e80000,1607677086
0x4098a0e484c835c7fb47d4e01cb3088598d2128f62497098fa49b90ffd63593c,1,0xe7e3c75872f08c91e8e2d22d7234d65ca233f419418b790d0c2659e138e65ee8,3000009,5,0x4a615772632da6a417e53d62ffe7482b6656db5a,0x555ea72d7347e82c614c16f005fa91caf06dcb5a,0,150000,20000000000,0x2e1a7d4d0000000000000000000000000000000000000000000000008ac7230489e80000,1607677086
0x5e906951c856014f06df6ba015a268ad6a62ed083ee4d0275a3fe54c188e2df3,8,0xe7e3c75872f08c91e8e2d22d7234d65ca233f419418b790d0c2659e138e65ee8,3000009,6,0x48f0cb38563f5136450193b1c8ed1f379b461d99,0x0e09fabb73bd3ade0a17ecc321fd13a19e81ce82,0,130000,20000000000,0xa9059cbb000000000000000000000000a433d8d28d25906da71c4cc94d8a559f08da8b210000000000000000000000000000000000000000000000002b521e477d027780,1607677086
0xc8e7a0d7e83aed6ee404114d7ef402c390d9910856c00a4819b1b317990723de,2,0xe7e3c75872f08c91e8e2d22d7234d65ca233f419418b790d0c2659e138e65ee8,3000009,7,0xc554901b83b1867eb4a7c0a168e12663605eb56f,0x0e09fabb73bd3ade0a17ecc321fd13a19e81ce82,0,130000,20000000000,0xa9059cbb000000000000000000000000a433d8d28d25906da71c4cc94d8a559f08da8b2100000000000000000000000000000000000000000000000074e7cb975072c080,1607677086
0xfc2eb6174edc70f50d662ef365fa3e503738664f4e10bf94244d0bff6cea566a,4,0xe7e3c75872f08c91e8e2d22d7234d65ca233f419418b790d0c2659e138e65ee8,3000009,8,0x3146348bb96f1734648952398c4375922fd27d45,0x555ea72d7347e82c614c16f005fa91caf06dcb5a,0,150000,20000000000,0x2e1a7d4d0000000000000000000000000000000000000000000000008ac7230489e80000,1607677086
0x0703182eff213bbb89fd35fb950670e9f0bbf1e7a685eebfa88a1db6e7db04a9,49534,0xe7e3c75872f08c91e8e2d22d7234d65ca233f419418b790d0c2659e138e65ee8,3000009,9,0xc524faaed591471a0b5fc93288fd8fe6f45d7b64,0x3900afd6613022d8e37a9ba945e02ee920bc48dc,0,1000000,20000000000,0x19efa3b90000000000000000000000006f4c90ee8300816af81e1a1f5c95e9fe2f55b84df31114cca3e8ef1b36734ac3f971dc2bf669fe0210831fbd74df2f11685ee3fc,1607677086
0xcf0833f4c86f8529e2b747944644c7e868c3cdf3e63f3d162a2bd6755c3fa165,226050,0xe7e3c75872f08c91e8e2d22d7234d65ca233f419418b790d0c2659e138e65ee8,3000009,10,0x43a8c01c49e1c921ee659c2410e9af106c933f7d,0x212fc0789ba7e1a59a76bda6d9cb96268253d70e,0,1000000,20000000000,0x0f770a000000000000000000000000002edcaba5193f4da9d7ac17f34101ab90a76ce2710000000000000000000000000000000000000000000000000000000000000000000000000000000000000000000000000000000000000000000001430e84dc9ccaa2876d73258ba08bb8f416f8185c932ad2b05229e0b6572f7a50d943613dde,1607677086
0xb06a7d187c6a589b47eccccae2ec8cfad6931353478f6e42377aa4786efacb26,1,0xe7e3c75872f08c91e8e2d22d7234d65ca233f419418b790d0c2659e138e65ee8,3000009,11,0xa59e710516c139bcdb719fcf8d9202fe7e263a64,0x555ea72d7347e82c614c16f005fa91caf06dcb5a,0,150000,20000000000,0x2e1a7d4d0000000000000000000000000000000000000000000000008ac7230489e80000,1607677086
0x8df0bcbea34253d9453cf76155b627ed50bec3cf065ba63a80de3d17f5bd436d,7,0xe7e3c75872f08c91e8e2d22d7234d65ca233f419418b790d0c2659e138e65ee8,3000009,12,0x3b45b4621dd3ed930690434f398fded788210e6e,0x555ea72d7347e82c614c16f005fa91caf06dcb5a,0,150000,20000000000,0x2e1a7d4d0000000000000000000000000000000000000000000000008ac7230489e80000,1607677086
0x13a2a8ebad949cbf392d16ed2ec147ca94bbb3efd9811a90ab66f91e80274438,5,0xe7e3c75872f08c91e8e2d22d7234d65ca233f419418b790d0c2659e138e65ee8,3000009,13,0xd4779a5f89717966f5f8309cff6136e617722ca8,0x0e09fabb73bd3ade0a17ecc321fd13a19e81ce82,0,130000,20000000000,0xa9059cbb000000000000000000000000a433d8d28d25906da71c4cc94d8a559f08da8b210000000000000000000000000000000000000000000000002e65522677868200,1607677086
0x575ce01b69135275f49d94e855ceb2ad8c0f819f81c9300867e98e13eea779e3,122114,0xe7e3c75872f08c91e8e2d22d7234d65ca233f419418b790d0c2659e138e65ee8,3000009,14,0x8c4d90829ce8f72d0163c1d5cf348a862d550630,0x0000000000000000000000000000000000001000,18060740000000000,9223372036854775807,0,0xf340fa010000000000000000000000008c4d90829ce8f72d0163c1d5cf348a862d550630,1607677086
0xcb9be722ed553998f24ad7b5caf757169f84d6c75c090bd71e96151509d8daa4,7,0x5ef265df4d38f0b6b014009811e6e49d7552a49d42f31a101a53fcd8fa2eacf5,3000010,0,0x5ba27354339a5633d0ce7fbe9bba609fbc2543ba,0xe9042c82acff260dc6b58954fff3d7ded92921ed,3480000000000000,21000,23000000000,0x,1607677089
0xbd8b37aae0550bff9a1e84139fd148ef0f98b5427536dcaa82c60719a11ff29e,54340,0x5ef265df4d38f0b6b014009811e6e49d7552a49d42f31a101a53fcd8fa2eacf5,3000010,1,0x922c5555efa44d708eec8751b86adde89118e1d4,0x3900afd6613022d8e37a9ba945e02ee920bc48dc,0,1000000,20000000000,0x19efa3b900000000000000000000000008b72432320b1691cfae04d81a1f7138b5675b8a6b88948b8eb35feb0af2e781fd6c640c7272eacf7e01acc594eaa3d4410f7482,1607677089
0x6c419fe1f49aacbb79d561db64e2ff06b9bd4ce740d4a2cbc3f4c14233309514,312,0x5ef265df4d38f0b6b014009811e6e49d7552a49d42f31a101a53fcd8fa2eacf5,3000010,2,0xd597f087df5f414f17067bd44ff9c58ae44b9f42,0x43fcbec712569285d0fe07c6f1302361e5ea6559,0,121385,20000000000,0x3d18b912,1607677089
0x930948bb62a238d8ba2abda1269073044ae770f7fffaafdcff36f1f2a72470af,37273,0x5ef265df4d38f0b6b014009811e6e49d7552a49d42f31a101a53fcd8fa2eacf5,3000010,3,0xa34efe6222e33adb84307f41b218d1823afb6f6d,0x0000000000000000000000000000000000001000,4400600000000000,9223372036854775807,0,0xf340fa01000000000000000000000000a34efe6222e33adb84307f41b218d1823afb6f6d,1607677089
