transaction_hash,transaction_index,block_hash,block_number,cumulative_gas_used,gas_used,contract_address,root,status
0xfc91d72ef874749facffb92e2d943bd77d4b2606f4c4cb15733aaf5df9f064b0,0,0xd6fedbb82adf45b09db83413f9bf1cd2163513e6b4ff8480740712d7b85e46c3,6895623,181370,181370,,,1
0xe267fddca0bae5e1ee19503dc3f46d5d9eddd789dd530d0adb08987b8f865228,1,0xd6fedbb82adf45b09db83413f9bf1cd2163513e6b4ff8480740712d7b85e46c3,6895623,202497,21127,,,1
0x5cc2819a9341df63610a81513508b65add54469fdf4ee80495bdb11ee2860131,2,0xd6fedbb82adf45b09db83413f9bf1cd2163513e6b4ff8480740712d7b85e46c3,6895623,223624,21127,,,1
0x5e815501d7176a6af2720d4ca179ec0f4b9cf6b0d96c3f380790f9254efe2bec,3,0xd6fedbb82adf45b09db83413f9bf1cd2163513e6b4ff8480740712d7b85e46c3,6895623,259751,36127,,,1
0x1d0c3652f69b944e08eb738ef3c79efea1f4d7563a8823e97f7ca6e900688efc,4,0xd6fedbb82adf45b09db83413f9bf1cd2163513e6b4ff8480740712d7b85e46c3,6895623,478368,218617,,,1
0x32e274896128189eca888d852ce2faa7317788b5316bae0643a23fb72551c98c,5,0xd6fedbb82adf45b09db83413f9bf1cd2163513e6b4ff8480740712d7b85e46c3,6895623,537784,59416,,,0
0xd45515d5ac01a539ec226311eefa7eadb3710d3d6969db86cc413ba14b9928ca,6,0xd6fedbb82adf45b09db83413f9bf1cd2163513e6b4ff8480740712d7b85e46c3,6895623,597200,59416,,,0
0x023baff350490170c2a721d649e3f81a9abe1c8310f3bd9ad0a1848e89f1a977,7,0xd6fedbb82adf45b09db83413f9bf1cd2163513e6b4ff8480740712d7b85e46c3,6895623,934080,336880,,,1
0x3f17c67af5c713d05fe40b407c699a9e993c2d12447c61477094c31936308be9,8,0xd6fedbb82adf45b09db83413f9bf1cd2163513e6b4ff8480740712d7b85e46c3,6895623,1112592,178512,,,1
0x67fbae6a9e032395a8945689aab2f166a7a98e81ead7b80cae27ade6d9a7ce83,9,0xd6fedbb82adf45b09db83413f9bf1cd2163513e6b4ff8480740712d7b85e46c3,6895623,1331305,218713,,,1
0x33ed97f44c15373cce5cc057a64402e546de422cc81629ca17eaa2056930c5b1,10,0xd6fedbb82adf45b09db83413f9bf1cd2163513e6b4ff8480740712d7b85e46c3,6895623,1390041,58736,,,0
0xedd30e5979436a6fcfa44a71bb48bd8c922de34872f3805ac47e0c47c2bdc023,11,0xd6fedbb82adf45b09db83413f9bf1cd2163513e6b4ff8480740712d7b85e46c3,6895623,1449445,59404,,,0
0xe6895459ebe87adf7c8add8970b73492b2de91b5632cc06fcda4917358174d52,12,0xd6fedbb82adf45b09db83413f9bf1cd2163513e6b4ff8480740712d7b85e46c3,6895623,1508849,59404,,,0
0x6eacd7c7d422470edb652c25ee93316e8ec0916e4ba36a4513f1ca4137844106,13,0xd6fedbb82adf45b09db83413f9bf1cd2163513e6b4ff8480740712d7b85e46c3,6895623,1568277,59428,,,0
0xc047e0e351631a257356a7546453e6a99344c58e9663870f5af7f816a6fe9671,14,0xd6fedbb82adf45b09db83413f9bf1cd2163513e6b4ff8480740712d7b85e46c3,6895623,1830157,261880,,,1
0x84d410041980756aee607bd6747cd30edec72d3f246f525cba07db566af44414,15,0xd6fedbb82adf45b09db83413f9bf1cd2163513e6b4ff8480740712d7b85e46c3,6895623,2007882,177725,,,1
0xfd4459486446ec881fd4404758a99b66690493c92bb2001c58245ac6186f8e31,16,0xd6fedbb82adf45b09db83413f9bf1cd2163513e6b4ff8480740712d7b85e46c3,6895623,2186382,178500,,,1
0xaf42c9f3074157b80d77ad8742555a4f0d060335b361da19ab463b05fa31f87a,17,0xd6fedbb82adf45b09db83413f9bf1cd2163513e6b4ff8480740712d7b85e46c3,6895623,2364894,178512,,,1
0x890ba890b3d229f47923fb80eb7e67e5030e31babc9d9292c2a093282652ea3d,18,0xd6fedbb82adf45b09db83413f9bf1cd2163513e6b4ff8480740712d7b85e46c3,6895623,2461070,96176,,,0
0x281b20000dbe0437ae72073b41c8d79dc3005d4ba2bdc68bdd4bf1f0425450f8,19,0xd6fedbb82adf45b09db83413f9bf1cd2163513e6b4ff8480740712d7b85e46c3,6895623,2520486,59416,,,0
0xb9d5a7d44d9509d339003f4eeba5881bd445102ab53212c3db3b9c5d4289e7e2,20,0xd6fedbb82adf45b09db83413f9bf1cd2163513e6b4ff8480740712d7b85e46c3,6895623,2579914,59428,,,0
0x57fefd22130ed0d15e251fb260cb3f9fe66bc2a05f63e48a38bb3593bfec8959,21,0xd6fedbb82adf45b09db83413f9bf1cd2163513e6b4ff8480740712d7b85e46c3,6895623,2639330,59416,,,0
0x56d000513cf658265f3b0de1805aee90c114157cec748758ad9981e7cb53686c,22,0xd6fedbb82adf45b09db83413f9bf1cd2163513e6b4ff8480740712d7b85e46c3,6895623,2727558,88228,,,1
0x7b63494aeb70e0f865019ed0d1580a0f138e52f2fb2d6a1845e6c1990de77580,23,0xd6fedbb82adf45b09db83413f9bf1cd2163513e6b4ff8480740712d7b85e46c3,6895623,2831093,103535,,,1
0xa31bc8df212ed10d404e7efd0956cf19f82500bee50ff3c71e5e218a9a2fe659,24,0xd6fedbb82adf45b09db83413f9bf1cd2163513e6b4ff8480740712d7b85e46c3,6895623,3005354,174261,,,1
0xcbcf609695cb84e8f2ccd478a5c25d8a7a50b144c9b5f9e75bb977fcb738a29f,25,0xd6fedbb82adf45b09db83413f9bf1cd2163513e6b4ff8480740712d7b85e46c3,6895623,3215788,210434,,,0
0xa01f04911d9e70c0db16e126912bcf88cfb2b81dc10158ab800dcad593ddcd59,26,0xd6fedbb82adf45b09db83413f9bf1cd2163513e6b4ff8480740712d7b85e46c3,6895623,3251939,36151,,,1
0xc23111dd8c2a277b51f2d0ba3d1cf50041a307451017c3fe9a7ac0dae9fc3ceb,27,0xd6fedbb82adf45b09db83413f9bf1cd2163513e6b4ff8480740712d7b85e46c3,6895623,3272939,21000,,,1
0x718fcea8f0fcc2e3221b16b8076e271dbca6daae13173da99fdf19af74c117db,28,0xd6fedbb82adf45b09db83413f9bf1cd2163513e6b4ff8480740712d7b85e46c3,6895623,3317381,44442,,,1
0x8f8267d4aebc4e916cf884fb7fc70bf578765557bff817e3c70c814378895326,29,0xd6fedbb82adf45b09db83413f9bf1cd2163513e6b4ff8480740712d7b85e46c3,6895623,3462130,144749,,,1
0x67ce51f1dbb69907d46df974d875087ef0e4ad4ece7b1789214c2f60dbd75285,30,0xd6fedbb82adf45b09db83413f9bf1cd2163513e6b4ff8480740712d7b85e46c3,6895623,3491989,29859,,,0
0x5fcf42ce4079671887fc9f55f3da10aceb62fa3cb823ca2e521961d86cf898c8,31,0xd6fedbb82adf45b09db83413f9bf1cd2163513e6b4ff8480740712d7b85e46c3,6895623,3613004,121015,,,1
0x08c29c427e072be00161c0c3dbc768ab68be796fdc510afd3cec76d9633e86d8,32,0xd6fedbb82adf45b09db83413f9bf1cd2163513e6b4ff8480740712d7b85e46c3,6895623,3657946,44942,,,1
0x5941ef9dfb4a3606e68a23c2a407ea1fcfaf88b0eee2e197288f0604d353cbc8,33,0xd6fedbb82adf45b09db83413f9bf1cd2163513e6b4ff8480740712d7b85e46c3,6895623,3702352,44406,,,1
0x23ac8181fe6b1060f40b5f5115b3c078ddb9bf6a28fe3fef8dcfe1d79ea8673d,34,0xd6fedbb82adf45b09db83413f9bf1cd2163513e6b4ff8480740712d7b85e46c3,6895623,3999530,297178,,,1
0x450ec24a93d9c986c5ec43062545076e1ecad2333fa990dd198998a8bc6b074b,35,0xd6fedbb82adf45b09db83413f9bf1cd2163513e6b4ff8480740712d7b85e46c3,6895623,4203214,203684,,,1
0xc03bb73a54916ce465eb6880b9cd6d3d9c5e386d4e23cc45af9c7d2b2ee7958d,36,0xd6fedbb82adf45b09db83413f9bf1cd2163513e6b4ff8480740712d7b85e46c3,6895623,4247344,44130,,,1
0xc2e54e2b6882de1b95a1e67a6be14c01eaaa13c06cd22c371ec9615065e4d410,37,0xd6fedbb82adf45b09db83413f9bf1cd2163513e6b4ff8480740712d7b85e46c3,6895623,4298447,51103,,,1
0x0164b0958d858959f6c937dce499626a45acd906e702a331c9c61b32367c3410,38,0xd6fedbb82adf45b09db83413f9bf1cd2163513e6b4ff8480740712d7b85e46c3,6895623,4483353,184906,,,1
0x267a92c5ed7c2d752b0b9db8d8ff46a8745d857d71e8e54a3fefb6b8b3449d58,39,0xd6fedbb82adf45b09db83413f9bf1cd2163513e6b4ff8480740712d7b85e46c3,6895623,4643162,159809,,,1
0xb510bf91a58ba308bbab341a0dd270105461949d617d5753176802e2f1c196d0,40,0xd6fedbb82adf45b09db83413f9bf1cd2163513e6b4ff8480740712d7b85e46c3,6895623,4894334,251172,,,1
0xdde32c7c21c42847d01f10cf26020fb4514574d42a043de9629866a4ea25d26e,41,0xd6fedbb82adf45b09db83413f9bf1cd2163513e6b4ff8480740712d7b85e46c3,6895623,5042059,147725,,,1
0x095489aec6208c78ee8230a05093fdf7d6a54e97e13e53efa32aa2e55635bc87,42,0xd6fedbb82adf45b09db83413f9bf1cd2163513e6b4ff8480740712d7b85e46c3,6895623,5218493,176434,,,1
0x7f8a1fd03b088dec3a8c347cef4f822d13ebf919dc6d3996a7f130e0facc97ef,43,0xd6fedbb82adf45b09db83413f9bf1cd2163513e6b4ff8480740712d7b85e46c3,6895623,5442649,224156,,,1
0xd495e0e00b3402205d77fdb54eceeb2cb6648d3429095dfecfd87519ff51a439,44,0xd6fedbb82adf45b09db83413f9bf1cd2163513e6b4ff8480740712d7b85e46c3,6895623,6272557,829908,,,1
0x8d679c98e14cf0479833cac68eb732436c2266f1e5648b79561fb7bf512fad2b,45,0xd6fedbb82adf45b09db83413f9bf1cd2163513e6b4ff8480740712d7b85e46c3,6895623,6385624,113067,,,1
0x66b2bfe23c9546351aa809dc1d1457d4596fe412229e63c3772bc195d13bb154,46,0xd6fedbb82adf45b09db83413f9bf1cd2163513e6b4ff8480740712d7b85e46c3,6895623,6483056,97432,,,1
0xb58f767401c63f139932c8e08d5dd057a9fca4ad3c0699d0ca771b7ad1766690,47,0xd6fedbb82adf45b09db83413f9bf1cd2163513e6b4ff8480740712d7b85e46c3,6895623,6527186,44130,,,1
0x82f208639048b10de738eb5588f4b394db9b136b4e48d220e4d556d072df65bb,48,0xd6fedbb82adf45b09db83413f9bf1cd2163513e6b4ff8480740712d7b85e46c3,6895623,6744302,217116,,,1
0xf31e26bc685de7fdbb9165c0de5a54aefc2a52b7791248d862889ee1c540a817,49,0xd6fedbb82adf45b09db83413f9bf1cd2163513e6b4ff8480740712d7b85e46c3,6895623,6788850,44548,,,1
0x7e89851351b85d6dc7d3444bc74aacf8a14fbe7e5d4c17299fe94595db4c12b8,50,0xd6fedbb82adf45b09db83413f9bf1cd2163513e6b4ff8480740712d7b85e46c3,6895623,6809850,21000,,,1
0x05ef6dcff59fe21c6afeaa4a7c4fbc6236adbeb1e88a4dcfa2a5a07cf80af0ff,51,0xd6fedbb82adf45b09db83413f9bf1cd2163513e6b4ff8480740712d7b85e46c3,6895623,7086103,276253,,,1
0x09871e782e32e25290e62782870914a006e7530ff08c486d1f8a6620df1db841,52,0xd6fedbb82adf45b09db83413f9bf1cd2163513e6b4ff8480740712d7b85e46c3,6895623,7220455,134352,,,1
0x8bf40709d29dfe698efaa7f08275df4e433dd9ff8276d644d9ce7dc6f3765f9d,53,0xd6fedbb82adf45b09db83413f9bf1cd2163513e6b4ff8480740712d7b85e46c3,6895623,7264861,44406,,,1
0x31122c9a1a50b9cf5739ca1af178fe4043530d709e60242dc1e7811cdfb476be,54,0xd6fedbb82adf45b09db83413f9bf1cd2163513e6b4ff8480740712d7b85e46c3,6895623,7469007,204146,,,1
0x5b6414925875f2569e2928f9b09ccdd344d8763f7ba94b24dcce00f46c58a52f,55,0xd6fedbb82adf45b09db83413f9bf1cd2163513e6b4ff8480740712d7b85e46c3,6895623,7591623,122616,,,1
0xfb4cf1a04bdfe598ee2fd650e4af7969fd96627b5bb40c51d33406efe077a554,56,0xd6fedbb82adf45b09db83413f9bf1cd2163513e6b4ff8480740712d7b85e46c3,6895623,7636030,44407,,,1
0x6d87b97de12cec94f3db0a149e29798774a27ae9aa9276ade93e366c69a3b3fa,57,0xd6fedbb82adf45b09db83413f9bf1cd2163513e6b4ff8480740712d7b85e46c3,6895623,7793758,157728,,,1
0xfeb6c4e767177da9b46a6de3f8572718290eddeab5421895b3a924fc9685cfb5,58,0xd6fedbb82adf45b09db83413f9bf1cd2163513e6b4ff8480740712d7b85e46c3,6895623,7838188,44430,,,1
0x38a7292835c2910d82189415239b4b9c3befc8c1e0dfff5e05e76c25cc22b8e6,59,0xd6fedbb82adf45b09db83413f9bf1cd2163513e6b4ff8480740712d7b85e46c3,6895623,7882629,44441,,,1
0x1696ce77aee707bcc679a861008cba90e3f8a62a96832e0797d12a51ced59a80,60,0xd6fedbb82adf45b09db83413f9bf1cd2163513e6b4ff8480740712d7b85e46c3,6895623,8082936,200307,,,1
0xef32edf31a76c53f3ff6211cdc972d93507a54a91d499d6abf811f9f353ac59d,61,0xd6fedbb82adf45b09db83413f9bf1cd2163513e6b4ff8480740712d7b85e46c3,6895623,8158601,75665,,,1
0x95f112519a0001321c8afe05d849a8ae15dc6ac65a3ddf0a855a5cec4222885f,62,0xd6fedbb82adf45b09db83413f9bf1cd2163513e6b4ff8480740712d7b85e46c3,6895623,8203053,44452,,,1
0x14f51f5638e9d07674ec90de0086594dc01f877836c76fb7906bc2c48bba83aa,63,0xd6fedbb82adf45b09db83413f9bf1cd2163513e6b4ff8480740712d7b85e46c3,6895623,8247183,44130,,,1
0xe9d7ac2179d547c6ab7c0cf74d55a220aa129985e3e537d9883572ff5cd48e34,64,0xd6fedbb82adf45b09db83413f9bf1cd2163513e6b4ff8480740712d7b85e46c3,6895623,8268183,21000,,,1
0x7e4d64bdb3c8ce0ffbba6d34e8ea069cbb667d638e02fceaa8d7bbdcc9844152,65,0xd6fedbb82adf45b09db83413f9bf1cd2163513e6b4ff8480740712d7b85e46c3,6895623,8459698,191515,,,1
0xc114a203ae7c86f66a854329050ff206c2ca6b8ff3d94998b4237d9dd1028b73,66,0xd6fedbb82adf45b09db83413f9bf1cd2163513e6b4ff8480740712d7b85e46c3,6895623,8480698,21000,,,1
0x6f20bc746b8f46e771026820c3edcc1eac874f471e27dd789f8e8aa36bff8e58,67,0xd6fedbb82adf45b09db83413f9bf1cd2163513e6b4ff8480740712d7b85e46c3,6895623,8582400,101702,,,1
0x4c2d3934b16fdd3542a2aeea1482f9a6d8cb25a2f8257f6e795fdb849291d74b,68,0xd6fedbb82adf45b09db83413f9bf1cd2163513e6b4ff8480740712d7b85e46c3,6895623,8755993,173593,,,1
0x8ee444c999ad1395f3b9d318025e1b11756971728850ad68f4e56f67caa3dc02,69,0xd6fedbb82adf45b09db83413f9bf1cd2163513e6b4ff8480740712d7b85e46c3,6895623,8807108,51115,,,1
0x74208df3e72e18639f7dce9dcdc424b036cded52daef654086c39d1eba9991e0,70,0xd6fedbb82adf45b09db83413f9bf1cd2163513e6b4ff8480740712d7b85e46c3,6895623,9221364,414256,,,1
0xfe75d084f132fec3115cadaa63767922b0e2d77b77a22a6585ac653a70307e59,71,0xd6fedbb82adf45b09db83413f9bf1cd2163513e6b4ff8480740712d7b85e46c3,6895623,9344517,123153,,,1
0x936e024106544bd51a3083c5b487d929c76f45e9f8357c9b0a5a12eafe2b6f1f,72,0xd6fedbb82adf45b09db83413f9bf1cd2163513e6b4ff8480740712d7b85e46c3,6895623,9388647,44130,,,1
0x4c9774f5b3f58ab599a734c10283d5425082e2f5cefb0f68ddc857f53f7e3afe,73,0xd6fedbb82adf45b09db83413f9bf1cd2163513e6b4ff8480740712d7b85e46c3,6895623,9596146,207499,,,1
0xd04b47429299a2ae95465fc34f9666521f1cedbbc986d09e496c349b414614d2,74,0xd6fedbb82adf45b09db83413f9bf1cd2163513e6b4ff8480740712d7b85e46c3,6895623,9640694,44548,,,1
0xac0248bc21120fd8e3efe49185c6b9259baa0507aeebc4bdbacf582075d8b7e5,75,0xd6fedbb82adf45b09db83413f9bf1cd2163513e6b4ff8480740712d7b85e46c3,6895623,9685203,44509,,,1
0x8122d3b06458c19fa63b479c8e64e2dcbb7f073ae96adb6e5eae158aea264ed9,76,0xd6fedbb82adf45b09db83413f9bf1cd2163513e6b4ff8480740712d7b85e46c3,6895623,9729333,44130,,,1
0xae98a62273bf5d2c2872328019d91cd14d20165eb4d816917648316cf29f1728,77,0xd6fedbb82adf45b09db83413f9bf1cd2163513e6b4ff8480740712d7b85e46c3,6895623,9766196,36863,,,1
0x8f8782df6ea83a0894d1da455a2999fa0afc285071c4b4c7b18642fdec8c0d84,78,0xd6fedbb82adf45b09db83413f9bf1cd2163513e6b4ff8480740712d7b85e46c3,6895623,9952399,186203,,,1
0xfe40d06b86dfc08bd48878347a6a0a3c80e7e93bce938fb9a3187b45bdf7992d,79,0xd6fedbb82adf45b09db83413f9bf1cd2163513e6b4ff8480740712d7b85e46c3,6895623,10096899,144500,,,1
0xac5c0266bacc49692fef9dcb403d1836151bbb3074c295ca598bcb75e228a95f,80,0xd6fedbb82adf45b09db83413f9bf1cd2163513e6b4ff8480740712d7b85e46c3,6895623,10317495,220596,,,1
0x38e1a091281ecf07b73e10679ff99ffdf577c7abaca14f60caf93b15a0eefc23,81,0xd6fedbb82adf45b09db83413f9bf1cd2163513e6b4ff8480740712d7b85e46c3,6895623,10602748,285253,,,1
0x5f47dad3c9d888bceae86576c2333bc2d623dee39783c2bc53af5f35d418dc1e,82,0xd6fedbb82adf45b09db83413f9bf1cd2163513e6b4ff8480740712d7b85e46c3,6895623,10735485,132737,,,1
0x6139b3170e60658fee0e56b575c4baa877807026f158b6671d65709c56700512,83,0xd6fedbb82adf45b09db83413f9bf1cd2163513e6b4ff8480740712d7b85e46c3,6895623,10779927,44442,,,1
0x2620ef4293814ce0052fd0c102bd4d1c954e76e0004c8b4d40ee50b3f04680a6,84,0xd6fedbb82adf45b09db83413f9bf1cd2163513e6b4ff8480740712d7b85e46c3,6895623,10938622,158695,,,1
0x0da31a633b478ea710357b80c7fa24c34c8f76cfb52d56c903c1075db008b970,85,0xd6fedbb82adf45b09db83413f9bf1cd2163513e6b4ff8480740712d7b85e46c3,6895623,10975485,36863,,,1
0xe5942d4e82cdf07d1b5b309fd40153388839d1e53948162569259402c2744744,86,0xd6fedbb82adf45b09db83413f9bf1cd2163513e6b4ff8480740712d7b85e46c3,6895623,11019615,44130,,,1
0x595d52f60f0b54340a415f46838af83c0382783df6cdf2e5cf51dfc351a62ab6,87,0xd6fedbb82adf45b09db83413f9bf1cd2163513e6b4ff8480740712d7b85e46c3,6895623,11597659,578044,,,1
0xe5418a24dbdeda9523143a651271e44858dac7fada67fcc14b04b785beaff381,88,0xd6fedbb82adf45b09db83413f9bf1cd2163513e6b4ff8480740712d7b85e46c3,6895623,12227394,629735,,,1
0x06486b03e91c858debc1279fe81ae5fdbcc4b3aee9b740926db486c4f1523ffa,89,0xd6fedbb82adf45b09db83413f9bf1cd2163513e6b4ff8480740712d7b85e46c3,6895623,12271524,44130,,,1
0xf06fbf8fb3be0fdca1ad467a96c8f3d9cbf66dd8709d4654e79960636c2d3509,90,0xd6fedbb82adf45b09db83413f9bf1cd2163513e6b4ff8480740712d7b85e46c3,6895623,12315654,44130,,,1
0x5e80ed15568b15aa6b9fddd35a31516d1a8e7df50a7864518343756839f3ebd6,91,0xd6fedbb82adf45b09db83413f9bf1cd2163513e6b4ff8480740712d7b85e46c3,6895623,12360202,44548,,,1
0xdcf186bba3f9c74a3ae23ba210e54662109f84a9bd03b3cfb5af1fd96dfb318d,92,0xd6fedbb82adf45b09db83413f9bf1cd2163513e6b4ff8480740712d7b85e46c3,6895623,12404750,44548,,,1
0x41604c3be79abe08e1d4bb00c75b70d846e8300186ddcaff97e856d78e05c751,93,0xd6fedbb82adf45b09db83413f9bf1cd2163513e6b4ff8480740712d7b85e46c3,6895623,12441613,36863,,,1
0xed5df0b48f2c0b297046c0d98f15a24cb1522aab673c3824490777b2bd7da6ef,94,0xd6fedbb82adf45b09db83413f9bf1cd2163513e6b4ff8480740712d7b85e46c3,6895623,12485743,44130,,,1
0xda8c9ecc437792b552700700f1eb1bf90551f2faeae2e29c1d4644d79e0d5a00,95,0xd6fedbb82adf45b09db83413f9bf1cd2163513e6b4ff8480740712d7b85e46c3,6895623,12506967,21224,,,1
0x9fe59d878d8112cf194eb152a512936a7c717c2d4dd34915326e2fc8ee95c9e3,96,0xd6fedbb82adf45b09db83413f9bf1cd2163513e6b4ff8480740712d7b85e46c3,6895623,12716842,209875,,,1
0x7486fc06cb2412b7086772c5f1d922d6d571077783d9fe5dd54d367ed8242782,97,0xd6fedbb82adf45b09db83413f9bf1cd2163513e6b4ff8480740712d7b85e46c3,6895623,13380950,664108,,,1
0x47f5b796edc631a22180888cad2b907e0e3c77e0025f170f91aec49a7441c12d,98,0xd6fedbb82adf45b09db83413f9bf1cd2163513e6b4ff8480740712d7b85e46c3,6895623,13557453,176503,,,1
0xfb6401199313131ca1565998e7829823a42cdb1cf3cd2df47495d155bf2f7ef6,99,0xd6fedbb82adf45b09db83413f9bf1cd2163513e6b4ff8480740712d7b85e46c3,6895623,13602001,44548,,,1
0x4e8287e783a58662ed4361d8ccd8787e5182ef1cd229630f9ff37518157ff6ee,144,0x16febb95d5869ff585bc2f0cc94466d6ecfca4be135688368c1b82a06bfba47f,6895625,19286199,192387,,,1
0xaaac54bc3a29c1ffc1f3b1f3d751fa0d3ddcfca85ae7f7c03a887e6b52c11384,145,0x16febb95d5869ff585bc2f0cc94466d6ecfca4be135688368c1b82a06bfba47f,6895625,19393815,107616,,,1
0x7278809572005c2cb8a59b267b0e64cc59c547a5fd862bcdab6c9455bd8b56c6,146,0x16febb95d5869ff585bc2f0cc94466d6ecfca4be135688368c1b82a06bfba47f,6895625,19438221,44406,,,1
0xb8c690e3e02890b2c4cd023b5df6c8615919615ba2e1452e18959f930592833e,147,0x16febb95d5869ff585bc2f0cc94466d6ecfca4be135688368c1b82a06bfba47f,6895625,19540922,102701,,,1
0x4ce3713128785e7edd3f28250775e9222873a4007f7326fd0854d587420fd8b2,148,0x16febb95d5869ff585bc2f0cc94466d6ecfca4be135688368c1b82a06bfba47f,6895625,19646725,105803,,,1
0x756deb3125d44610e107fa7b70e88ad51ad53e3c2714246e9abe3a0e2b6b0741,149,0x16febb95d5869ff585bc2f0cc94466d6ecfca4be135688368c1b82a06bfba47f,6895625,19690855,44130,,,1
0x0feb87e4669c4c0eabfe5fb0bc0e9f211ba95fc19ee0fc77600d7ef5f84adc21,150,0x16febb95d5869ff585bc2f0cc94466d6ecfca4be135688368c1b82a06bfba47f,6895625,19878265,187410,,,1
0x05cea9a0ba8e54cf7dfe5708413ff4d9df30d21216a51768c8edcfff113f4478,151,0x16febb95d5869ff585bc2f0cc94466d6ecfca4be135688368c1b82a06bfba47f,6895625,20045207,166942,,,1
0xa439e58059317caa6708fababb382f59d0353070429f59fe94376ce74df38dee,152,0x16febb95d5869ff585bc2f0cc94466d6ecfca4be135688368c1b82a06bfba47f,6895625,20089755,44548,,,1
0xd38fbf4e0bd329a615486ecc16b1908fe91129afc54a5b855d49d77cee618970,153,0x16febb95d5869ff585bc2f0cc94466d6ecfca4be135688368c1b82a06bfba47f,6895625,20286435,196680,,,1
0x4e19f29aca292ea186e90e1da7bbfaf925d4d2a0452250357b05395ee2ae3f97,154,0x16febb95d5869ff585bc2f0cc94466d6ecfca4be135688368c1b82a06bfba47f,6895625,20331596,45161,,,1
0xce88c86039070c119869762c1e8b5b82bd6d4d825c8c977fd8f73e2bc318c863,155,0x16febb95d5869ff585bc2f0cc94466d6ecfca4be135688368c1b82a06bfba47f,6895625,20537559,205963,,,1
0x3a3657171e795fea44271d4ded2f73ab28828bb1777d838959aa08052053d92d,156,0x16febb95d5869ff585bc2f0cc94466d6ecfca4be135688368c1b82a06bfba47f,6895625,20665944,128385,,,1
0xdd91c66af2adb69c081158efb4f7bee50cdbd41e902f0198adb8934ca82d0d57,157,0x16febb95d5869ff585bc2f0cc94466d6ecfca4be135688368c1b82a06bfba47f,6895625,20851485,185541,,,1
0x95fe7c372237c49d7a05e882aee32c1b22af267d50139872377ef56e452f9c3d,158,0x16febb95d5869ff585bc2f0cc94466d6ecfca4be135688368c1b82a06bfba47f,6895625,20895927,44442,,,1
0x9034666b7109dfaf17acbdecf644c90f377a45501ddf5fa465d902e54ec59fcd,159,0x16febb95d5869ff585bc2f0cc94466d6ecfca4be135688368c1b82a06bfba47f,6895625,21078918,182991,,,1
0xd5d85dcd32d252c0c63eb129b56ba5e5734db0c3c3634fa11b1620c7a32cbecd,160,0x16febb95d5869ff585bc2f0cc94466d6ecfca4be135688368c1b82a06bfba47f,6895625,21123048,44130,,,1
0xf8cfbc28f465507d6a16f4481e6e962e585e7b1ca48e921c9e7b857363934781,161,0x16febb95d5869ff585bc2f0cc94466d6ecfca4be135688368c1b82a06bfba47f,6895625,21167178,44130,,,1
0xfc9758fa881e5b36fcb3df41868d4c7a693700e389455befe8792af9ff6cfe16,162,0x16febb95d5869ff585bc2f0cc94466d6ecfca4be135688368c1b82a06bfba47f,6895625,21252862,85684,,,1
0x98223e372545c4bd1f105f637f19c7d8284afa26dec974abb0be125a6ac860eb,163,0x16febb95d5869ff585bc2f0cc94466d6ecfca4be135688368c1b82a06bfba47f,6895625,21273862,21000,,,1
0x735d5e409a3cd3f87d26d2f2ac231269bdcab9260582e6c0acada71a70bbe529,164,0x16febb95d5869ff585bc2f0cc94466d6ecfca4be135688368c1b82a06bfba47f,6895625,21305087,31225,,,0
0x836d418ddde0493c157cc707acc25427dac55a2118bb8c7422606e9714ceb27a,165,0x16febb95d5869ff585bc2f0cc94466d6ecfca4be135688368c1b82a06bfba47f,6895625,21322237,17150,,,1
0xcace29f678e2088c25e3fe318ad898099a9e0668ce9aebbd0d87c66bebe2097c,140,0xf9f8bcc98e906945f71f9c45c044f73ee571ecfe8091b8d70682c480266d0d8b,6895624,20337129,465317,,,1
0x2d0a820df1fa2f1fb7e037f19c2c36c9c9c52d9b8fde1ab89ac8acba9d4dce8c,141,0xf9f8bcc98e906945f71f9c45c044f73ee571ecfe8091b8d70682c480266d0d8b,6895624,20465514,128385,,,1
0x783f3be9bff45c93c5a5122f20a51d0dda9b58a98b629b1737d8b759e068f466,142,0xf9f8bcc98e906945f71f9c45c044f73ee571ecfe8091b8d70682c480266d0d8b,6895624,20509644,44130,,,1
0x378e2fe386f6babbc4d4f374f6636968985e174a1940aba0cc81994186665fed,143,0xf9f8bcc98e906945f71f9c45c044f73ee571ecfe8091b8d70682c480266d0d8b,6895624,20631105,121461,,,1
0x3d96bab6a0347dadff3acbedf8081d72e09a1c91ba7e6096ef27974c943c4d1d,144,0xf9f8bcc98e906945f71f9c45c044f73ee571ecfe8091b8d70682c480266d0d8b,6895624,20675235,44130,,,1
0x552608968a290680a1771077d35e79ddb1845f9209eff129f6ae45014120e046,145,0xf9f8bcc98e906945f71f9c45c044f73ee571ecfe8091b8d70682c480266d0d8b,6895624,21045009,369774,,,1
0x27ee3fb26a79f0898dd2bba471619deeac18b5226a5e5e540c5aff56fa2244f4,146,0xf9f8bcc98e906945f71f9c45c044f73ee571ecfe8091b8d70682c480266d0d8b,6895624,21171212,126203,,,1
0x2de599ed067c3b1269bbd262b2d48c85a0c31d49c987fe416871a91ad269449a,147,0xf9f8bcc98e906945f71f9c45c044f73ee571ecfe8091b8d70682c480266d0d8b,6895624,21215664,44452,,,1
0x22fa42ff83db92863696308fcf0071278211fb9346709b2a4af12418e9c39052,148,0xf9f8bcc98e906945f71f9c45c044f73ee571ecfe8091b8d70682c480266d0d8b,6895624,21325084,109420,,,1
0x23b85e4e5a43fd0a6c5ca9034b1720a4f3307fe6444ec7cc2b67418239e8cbcb,149,0xf9f8bcc98e906945f71f9c45c044f73ee571ecfe8091b8d70682c480266d0d8b,6895624,21347275,22191,,,0
0x85b240b7435d08ae16f489a5789e5e73be9e3b3fe92bac69e6794e9c18c3a419,150,0xf9f8bcc98e906945f71f9c45c044f73ee571ecfe8091b8d70682c480266d0d8b,6895624,21391393,44118,,,1
0x42ea7f7d226de61cd6cf51748828f18242b5e7b6622bca08156cb4c99bfc5861,151,0xf9f8bcc98e906945f71f9c45c044f73ee571ecfe8091b8d70682c480266d0d8b,6895624,21442508,51115,,,1
0xc48783d6c0a80728d55e32dd22d8d38188572f305bd02908f10858af3f43cdd0,152,0xf9f8bcc98e906945f71f9c45c044f73ee571ecfe8091b8d70682c480266d0d8b,6895624,21856764,414256,,,1
0x875f5c1831f2368d48bd22293a4f376d7f0d148eede4e55375a98445e28db1bd,153,0xf9f8bcc98e906945f71f9c45c044f73ee571ecfe8091b8d70682c480266d0d8b,6895624,22159784,303020,,,1
0xed15523b1cc100fa1a50b5f607086fd50ae9d34a98221dad577872a2d107793d,154,0xf9f8bcc98e906945f71f9c45c044f73ee571ecfe8091b8d70682c480266d0d8b,6895624,22295974,136190,,,1
0xf25e4e1d09cad982a28171759cf367c57d01585ad6061807917733a152d3934c,155,0xf9f8bcc98e906945f71f9c45c044f73ee571ecfe8091b8d70682c480266d0d8b,6895624,22443699,147725,,,1
0xc320d24aa22d43cf55e0571a8dd5a5adde00efc8b94ea5965dbcce52ce90cbe7,156,0xf9f8bcc98e906945f71f9c45c044f73ee571ecfe8091b8d70682c480266d0d8b,6895624,22565967,122268,,,1
0x1df60b70cca0753e3364edfdb09c6ec24632e3f217f9fee7880d5fd62f3b5258,157,0xf9f8bcc98e906945f71f9c45c044f73ee571ecfe8091b8d70682c480266d0d8b,6895624,22662805,96838,,,1
0x3f5734e6796668fad1ab4868b661d1139a06b60192e475dae2497e9c5fc08a91,158,0xf9f8bcc98e906945f71f9c45c044f73ee571ecfe8091b8d70682c480266d0d8b,6895624,22706935,44130,,,1
0x2f57a99a21660543fe761700eb8b995816395e425b4de3b7d729da0f5d087d73,159,0xf9f8bcc98e906945f71f9c45c044f73ee571ecfe8091b8d70682c480266d0d8b,6895624,22768177,61242,,,1
0xe1b3c8a50447aa06a7d0852d23898221ca5552171662eb24413db5f42dccf43d,160,0xf9f8bcc98e906945f71f9c45c044f73ee571ecfe8091b8d70682c480266d0d8b,6895624,22867039,98862,,,1
0x06a5f6c618dad0dbd875a2f0afca02d7619d13a3ece0882f4be99cd6297d5145,161,0xf9f8bcc98e906945f71f9c45c044f73ee571ecfe8091b8d70682c480266d0d8b,6895624,22911587,44548,,,1
0x9c5fd3912e938347a0593dce0027db120ce408cdecd9b241400d41a3c09da538,162,0xf9f8bcc98e906945f71f9c45c044f73ee571ecfe8091b8d70682c480266d0d8b,6895624,23094678,183091,,,1
0xcbde1925b5287c969ce45f13928585d1c0b62d301bdca0f519289eb35ac5e3cf,163,0xf9f8bcc98e906945f71f9c45c044f73ee571ecfe8091b8d70682c480266d0d8b,6895624,23120026,25348,,,1
0x9244257181e08d46c682ae91f90085d2582edf5cceb9842b0876d7eb803e0621,164,0xf9f8bcc98e906945f71f9c45c044f73ee571ecfe8091b8d70682c480266d0d8b,6895624,23407420,287394,,,1
0x571697be652f8b2c90d4f8c89bb9040aae36a8f6e57e2f9ce74e6fb0b1e03078,165,0xf9f8bcc98e906945f71f9c45c044f73ee571ecfe8091b8d70682c480266d0d8b,6895624,23567279,159859,,,1
0xaaafa10f10ef18f5118f909b8da4e525196209c257154370ca35a01ea1df5131,166,0xf9f8bcc98e906945f71f9c45c044f73ee571ecfe8091b8d70682c480266d0d8b,6895624,23611709,44430,,,1
0x50d3219c27a96c62854dbefb9a85ab4e0b40fdc6668e6b9d34b47aa2d343c238,167,0xf9f8bcc98e906945f71f9c45c044f73ee571ecfe8091b8d70682c480266d0d8b,6895624,23881064,269355,,,1
0x7be3ff00cf2f6c7ea68c7316f9611dda883da920cdf8068244655954d91a0abf,168,0xf9f8bcc98e906945f71f9c45c044f73ee571ecfe8091b8d70682c480266d0d8b,6895624,24017084,136020,,,1
0xac12ebb0380d86c096b92466fe9f1c4a318ec3b9bbcb2224b42b9a6c9329dfae,169,0xf9f8bcc98e906945f71f9c45c044f73ee571ecfe8091b8d70682c480266d0d8b,6895624,24218299,201215,,,1
0x2399c9969fa47721807f4948e1cf3aaf5eea9c3c10000df6c790c81d75b72d5e,170,0xf9f8bcc98e906945f71f9c45c044f73ee571ecfe8091b8d70682c480266d0d8b,6895624,24762541,544242,,,1
0x917f9c9bdb3d3bb05c09dc216d899395da0e3ac644cd97b8268d24f41c15979c,171,0xf9f8bcc98e906945f71f9c45c044f73ee571ecfe8091b8d70682c480266d0d8b,6895624,24945380,182839,,,1
0x9cc59677712663ce67717f874e024375606b2edd60c4e376201d428d0a03e213,172,0xf9f8bcc98e906945f71f9c45c044f73ee571ecfe8091b8d70682c480266d0d8b,6895624,24989832,44452,,,1
0x885d4d10a9a29d138785cd6a2b791e671b2227be0e7a84fc52c934e2384d276a,173,0xf9f8bcc98e906945f71f9c45c044f73ee571ecfe8091b8d70682c480266d0d8b,6895624,25422794,432962,,,1
0xe4b16f429ed4f6607fc295d3a5f0dbacf4bb337b62d84caf4652f3edd6a43885,174,0xf9f8bcc98e906945f71f9c45c044f73ee571ecfe8091b8d70682c480266d0d8b,6895624,25657704,234910,,,1
0x59c8bbc524e0a4a2a087a777dd1ac06ce86b59a9a509fc9c42a5a71a46a3bc87,175,0xf9f8bcc98e906945f71f9c45c044f73ee571ecfe8091b8d70682c480266d0d8b,6895624,25702021,44317,,,1
0x7562303d9b8ec2d736824798885d120511a2b55d78cbe6729da702e693b5cab6,176,0xf9f8bcc98e906945f71f9c45c044f73ee571ecfe8091b8d70682c480266d0d8b,6895624,25785354,83333,,,1
0x3bc31335bb6b4d87d104f9e9cef15199815ef50516956f08dc38936767bab6ed,177,0xf9f8bcc98e906945f71f9c45c044f73ee571ecfe8091b8d70682c480266d0d8b,6895624,26229385,444031,,,1
0x021dca496890cc88a9e1c57d7225b8bb16a4589eb283e6507de1c6207ccdb0d6,178,0xf9f8bcc98e906945f71f9c45c044f73ee571ecfe8091b8d70682c480266d0d8b,6895624,26487116,257731,,,1
0x753db8e758cec22301887bc18cc8172500a6878e07559cadc2c6a57f285ff3d0,179,0xf9f8bcc98e906945f71f9c45c044f73ee571ecfe8091b8d70682c480266d0d8b,6895624,26829964,342848,,,1
0x71bb55b1a5c83c95d30f6a141ed74163a973729b31d52765e45dead15c52cbd9,180,0xf9f8bcc98e906945f71f9c45c044f73ee571ecfe8091b8d70682c480266d0d8b,6895624,27013149,183185,,,1
0x415eb9a48ec8e423f0b6837bc5f97d1053bb616572b09cedbfa44a1aeee101a5,181,0xf9f8bcc98e906945f71f9c45c044f73ee571ecfe8091b8d70682c480266d0d8b,6895624,27057279,44130,,,1
0x741d3d78b0af068f4a10a7eff13733fbc2abfdf99080c4e9c78ea90eb85f5b74,182,0xf9f8bcc98e906945f71f9c45c044f73ee571ecfe8091b8d70682c480266d0d8b,6895624,27101827,44548,,,1
0xbabbaeb0305aa455069c70463e79d379f750816d0ae70a6cf37c3aada3a4b66c,183,0xf9f8bcc98e906945f71f9c45c044f73ee571ecfe8091b8d70682c480266d0d8b,6895624,27116361,14534,,,1
0x7e50c71b15c6e74f739a2908fbb3a4f6814437da6f493228e30c2d647fffacdc,184,0xf9f8bcc98e906945f71f9c45c044f73ee571ecfe8091b8d70682c480266d0d8b,6895624,27190258,73897,,,1
0x225c44abe83313e1f25baae0e336023240b3eb73bf8298969ff80e8cde97f3fe,185,0xf9f8bcc98e906945f71f9c45c044f73ee571ecfe8091b8d70682c480266d0d8b,6895624,27357304,167046,,,1
0x6593958013e83a65b6effff49071c5bdb52bb46b232760ffa656afd87c6075d3,186,0xf9f8bcc98e906945f71f9c45c044f73ee571ecfe8091b8d70682c480266d0d8b,6895624,27382546,25242,,,1
0xe522c191d17023f4905059176859c75bb31bfe7d4c143634ddc36c46fd10f348,187,0xf9f8bcc98e906945f71f9c45c044f73ee571ecfe8091b8d70682c480266d0d8b,6895624,27506841,124295,,,1
0xfddf429346d7b84c5ca779af8dd78e963bb97f69cf929522bd6f664263808382,188,0xf9f8bcc98e906945f71f9c45c044f73ee571ecfe8091b8d70682c480266d0d8b,6895624,27684766,177925,,,1
0x2116a9d1e40089425b7c958e416558b217496f8e241d6f025e71631373227a35,189,0xf9f8bcc98e906945f71f9c45c044f73ee571ecfe8091b8d70682c480266d0d8b,6895624,27729269,44503,,,1
0xfb4388d9d0a2ce2973e200ec015cd0d0937d2acfc951395606590d16125fa0a4,190,0xf9f8bcc98e906945f71f9c45c044f73ee571ecfe8091b8d70682c480266d0d8b,6895624,27811548,82279,,,1
0x2be682e91f3d42c382582935b01de9b72824e19afb50fb2becdcfb26a595f874,191,0xf9f8bcc98e906945f71f9c45c044f73ee571ecfe8091b8d70682c480266d0d8b,6895624,27855678,44130,,,1
0x9a0fdb0d70b5990ea8c3021d0d0ace246fe0e73b5754fa0fa602a7f5850a2a3e,192,0xf9f8bcc98e906945f71f9c45c044f73ee571ecfe8091b8d70682c480266d0d8b,6895624,27891788,36110,,,1
0xe24607dbc4f134b9174c7a51a4fa03fc619b04241aa0dbac3657f7ef50009f98,193,0xf9f8bcc98e906945f71f9c45c044f73ee571ecfe8091b8d70682c480266d0d8b,6895624,27935918,44130,,,1
0x2ed86667057057957dda558e654351972dae5f57e8146a99ac76a4df36d606ae,100,0xd6fedbb82adf45b09db83413f9bf1cd2163513e6b4ff8480740712d7b85e46c3,6895623,13797931,195930,,,1
0xbc897e541b6511f741317d849960ef732b2e29e4179fb1152a867673be9a70c4,194,0xf9f8bcc98e906945f71f9c45c044f73ee571ecfe8091b8d70682c480266d0d8b,6895624,27980048,44130,,,1
0xd5919f4cc975fd6574f3702b55f03b9028fe4b879ab4b4e1f0939241ba671084,195,0xf9f8bcc98e906945f71f9c45c044f73ee571ecfe8091b8d70682c480266d0d8b,6895624,27997198,17150,,,1
0x7f0df4ea1e441489758246d6ed00fbd86cfb1f0184864df8d0b6abea808e4c0c,0,0x16febb95d5869ff585bc2f0cc94466d6ecfca4be135688368c1b82a06bfba47f,6895625,21115,21115,,,1
0xd4e2d97c27f85923e7fc74f1337943bbbe3c4e1b6a2ee99643768cbbfa21da81,1,0x16febb95d5869ff585bc2f0cc94466d6ecfca4be135688368c1b82a06bfba47f,6895625,168253,147138,,,0
0xcf81d4a0cbfac8ccb679695df8c7c9c0dcebb81406301daceb4124a519fe46b8,2,0x16febb95d5869ff585bc2f0cc94466d6ecfca4be135688368c1b82a06bfba47f,6895625,189253,21000,,,1
0xdac8d8a9f560002a268bad14432915c41fe956f7997415a1529b23ccd1c2cc03,3,0x16febb95d5869ff585bc2f0cc94466d6ecfca4be135688368c1b82a06bfba47f,6895625,262514,73261,,,1
0x77baeea033f2a303eb9337d871ce82982abf4df87f988034ecea350f44a2c13f,101,0xd6fedbb82adf45b09db83413f9bf1cd2163513e6b4ff8480740712d7b85e46c3,6895623,13842061,44130,,,1
0x8ebda2fc8ecc31c7f13e012a8f573af8116f1ec608a28e3f31f3540172697b70,4,0x16febb95d5869ff585bc2f0cc94466d6ecfca4be135688368c1b82a06bfba47f,6895625,450559,188045,,,1
0xc8e40c7a3c845bd267dd27f8ee818eef883b928fbcfc866369d30f3ebdd5185d,102,0xd6fedbb82adf45b09db83413f9bf1cd2163513e6b4ff8480740712d7b85e46c3,6895623,13989786,147725,,,1
0x18b955e114a71801d6e38c3161da84b01708761b0abf3421d9f67928f3c587d6,103,0xd6fedbb82adf45b09db83413f9bf1cd2163513e6b4ff8480740712d7b85e46c3,6895623,14033916,44130,,,1
0x031e99fae1c9f0d5d82ece75f2602c50ceafc8bde109ffa765e338acee83a2b0,104,0xd6fedbb82adf45b09db83413f9bf1cd2163513e6b4ff8480740712d7b85e46c3,6895623,14190171,156255,,,1
0x4743d5044846ed779b0ad2fca7454f4eea6f44f06346d233ec57ae6c34388299,5,0x16febb95d5869ff585bc2f0cc94466d6ecfca4be135688368c1b82a06bfba47f,6895625,669200,218641,,,1
0x872cc60654fe3eacd2194d19aacf843dc6c7e7705d3da2ae72e287f7809b2858,6,0x16febb95d5869ff585bc2f0cc94466d6ecfca4be135688368c1b82a06bfba47f,6895625,728616,59416,,,0
0xbcc1c92667c2584062fded3c9684501a5f30be4a826b3c68c6ae67dd7fdba618,7,0x16febb95d5869ff585bc2f0cc94466d6ecfca4be135688368c1b82a06bfba47f,6895625,907092,178476,,,1
0xb204656fe0e5c323158029c264e1aeb668b2365a88f2393b8a909f6c6457d231,105,0xd6fedbb82adf45b09db83413f9bf1cd2163513e6b4ff8480740712d7b85e46c3,6895623,14346426,156255,,,1
0x0327c51c9587cfd1314592a29d35d4310197c2628fae854f5cee6b35c27baa80,106,0xd6fedbb82adf45b09db83413f9bf1cd2163513e6b4ff8480740712d7b85e46c3,6895623,14385344,38918,,,1
0x56a09886e85e90c49ee36b660d6f42ac590895022cd84957a0b622f932590bfa,8,0x16febb95d5869ff585bc2f0cc94466d6ecfca4be135688368c1b82a06bfba47f,6895625,1110568,203476,,,1
0x7138b77550bc1c247df811e0668cf3adbd0719de746329e8560443c278305234,107,0xd6fedbb82adf45b09db83413f9bf1cd2163513e6b4ff8480740712d7b85e46c3,6895623,14681699,296355,,,1
0xa26af4a115e55450d43c69a227ef9621f2b71aa96e88a27ceec8ed42ad146647,9,0x16febb95d5869ff585bc2f0cc94466d6ecfca4be135688368c1b82a06bfba47f,6895625,1326764,216196,,,1
0x5af1fa110a5d9129c2b91e1c77f7c61ce4917d1972f53b7f3cd57d190cf9f97c,10,0x16febb95d5869ff585bc2f0cc94466d6ecfca4be135688368c1b82a06bfba47f,6895625,1386180,59416,,,0
0xb1bf8a4581bab9573bd51d979a17a8a1e03145f325b7b063627dfb4a201aff3b,11,0x16febb95d5869ff585bc2f0cc94466d6ecfca4be135688368c1b82a06bfba47f,6895625,1445572,59392,,,0
0x1346f046c87da4984d4799fe8aa3b50e38a80f0183e05423873cba9cc4b5cc6c,12,0x16febb95d5869ff585bc2f0cc94466d6ecfca4be135688368c1b82a06bfba47f,6895625,1504964,59392,,,0
0x8e6f852dd120bd4c05b186fcf765247ae34cbe18af26cdbb693d3230cc07ab51,13,0x16febb95d5869ff585bc2f0cc94466d6ecfca4be135688368c1b82a06bfba47f,6895625,1601128,96164,,,0
0xb73705f9050e6d586db83fd9aaf146c3dab60ba564a8dc80ad4565e783a32fe7,14,0x16febb95d5869ff585bc2f0cc94466d6ecfca4be135688368c1b82a06bfba47f,6895625,1660520,59392,,,0
0x74310f785b05e16bc40f3f8573a55c1716bd52559d26629ee0aa8f4d3c207ad1,15,0x16febb95d5869ff585bc2f0cc94466d6ecfca4be135688368c1b82a06bfba47f,6895625,1719912,59392,,,0
0xb7c7f96501dce64639dccbe42ece663eb481f9995a21eed22b4b35bbeeacfa73,16,0x16febb95d5869ff585bc2f0cc94466d6ecfca4be135688368c1b82a06bfba47f,6895625,1949142,229230,,,1
0x64f459bf1b1918677ff1b8a17dbc28a04db1045ee92a1764e3386a402cebc1c0,17,0x16febb95d5869ff585bc2f0cc94466d6ecfca4be135688368c1b82a06bfba47f,6895625,2008534,59392,,,0
0x55e01abf857b9d11a3f5052668524faebbb98c0f519d47f07d9c00c9470b7bff,18,0x16febb95d5869ff585bc2f0cc94466d6ecfca4be135688368c1b82a06bfba47f,6895625,2067926,59392,,,0
0x5259241a778610d62bb965f729f44e5a5253d4c778a81ba954fefb92cf59c231,19,0x16febb95d5869ff585bc2f0cc94466d6ecfca4be135688368c1b82a06bfba47f,6895625,2204636,136710,,,1
0xc6b199b881461b9c04c7367e55153a922c48b42eff48a013b267e9049374f011,108,0xd6fedbb82adf45b09db83413f9bf1cd2163513e6b4ff8480740712d7b85e46c3,6895623,14992304,310605,,,1
0x8fee808916b68556e45fffa611fb7be82a8931a32d20c0a4821499eb8bddbc03,20,0x16febb95d5869ff585bc2f0cc94466d6ecfca4be135688368c1b82a06bfba47f,6895625,2225636,21000,,,1
0x516a43e56f904d8897722e1976cb9eaaa06824d65bd115b225e7567b4499cee5,21,0x16febb95d5869ff585bc2f0cc94466d6ecfca4be135688368c1b82a06bfba47f,6895625,2530370,304734,,,1
0x707c9ff892f072bf9fae506c54f5d8c6f1cfd0c918d3d2aeefba285b40ced2d3,22,0x16febb95d5869ff585bc2f0cc94466d6ecfca4be135688368c1b82a06bfba47f,6895625,2574776,44406,,,1
0xba1cd71fef5de3b37496a71694663f2109908780edb0716ce627989ba4d504b9,109,0xd6fedbb82adf45b09db83413f9bf1cd2163513e6b4ff8480740712d7b85e46c3,6895623,15020256,27952,,,1
0xf7241fbc54097f41150ff8c095f08e71ec8c30632ef34c6c6f6f0e76db6a027b,23,0x16febb95d5869ff585bc2f0cc94466d6ecfca4be135688368c1b82a06bfba47f,6895625,2619183,44407,,,1
0x111463d212f34ba4a2a025360a7a2b355d340267dbf77a5ba3438769acb62bc9,110,0xd6fedbb82adf45b09db83413f9bf1cd2163513e6b4ff8480740712d7b85e46c3,6895623,15065417,45161,,,1
0xd5a8b818f356c87c81bd3749bac732d5b691d1cc7fd95bc46ba5f013a979d067,24,0x16febb95d5869ff585bc2f0cc94466d6ecfca4be135688368c1b82a06bfba47f,6895625,2643102,23919,,,1
0x31a577611ed4d7325b3d5392e99380cccdcb831969441af5798510845291ad60,111,0xd6fedbb82adf45b09db83413f9bf1cd2163513e6b4ff8480740712d7b85e46c3,6895623,15213130,147713,,,1
0xd11605764735742f65969e82106b86b8f03b41c90f0da1b0ab1d241c1c82740c,25,0x16febb95d5869ff585bc2f0cc94466d6ecfca4be135688368c1b82a06bfba47f,6895625,2783810,140708,,,1
0xda2854b38d9c8303cdb5cc9333d1596157d4122c4b81461bc2ae19cfcf31ec3c,112,0xd6fedbb82adf45b09db83413f9bf1cd2163513e6b4ff8480740712d7b85e46c3,6895623,15524599,311469,,,1
0x65433334d50b229412c7cc3210a1391f6a77288f86215c0beaa1f96aa932e835,26,0x16febb95d5869ff585bc2f0cc94466d6ecfca4be135688368c1b82a06bfba47f,6895625,2953704,169894,,,1
0x4742c774ac8163f2c366e98551424d0b91fa604cefd02ebcce7d99d2c87bf806,113,0xd6fedbb82adf45b09db83413f9bf1cd2163513e6b4ff8480740712d7b85e46c3,6895623,15560750,36151,,,1
0xb244b924fc31ce988447230660b5f4bc205068caf60e7656bc8ccc3a0b6c716a,114,0xd6fedbb82adf45b09db83413f9bf1cd2163513e6b4ff8480740712d7b85e46c3,6895623,15592027,31277,,,0
0x5beec7688289a2c4d6c0a949fbf67b795aee9fe39b5403794a086597d731024a,115,0xd6fedbb82adf45b09db83413f9bf1cd2163513e6b4ff8480740712d7b85e46c3,6895623,15636479,44452,,,1
0xbae07d8fb12eebf13e566144ebaa40eafc302ab91b19bec9ab7f156cb4bcde86,116,0xd6fedbb82adf45b09db83413f9bf1cd2163513e6b4ff8480740712d7b85e46c3,6895623,15920924,284445,,,1
0xa2c46eae0082e27a53fb5abc6bb4be03db9e417b808dc9b317a50e281d829130,27,0x16febb95d5869ff585bc2f0cc94466d6ecfca4be135688368c1b82a06bfba47f,6895625,3004833,51129,,,1
0x33e578bd294b51e14f2a9716969bbc5ff34d8b3bdc05875fdbacf4039ec4663c,28,0x16febb95d5869ff585bc2f0cc94466d6ecfca4be135688368c1b82a06bfba47f,6895625,3040960,36127,,,1
0x02b5050a316898d2e8ef90616e4780ebce9fc5730f2e8bee172229df36e08574,29,0x16febb95d5869ff585bc2f0cc94466d6ecfca4be135688368c1b82a06bfba47f,6895625,3062063,21103,,,1
0x37a1daaa5d9c10ea6a61f24db654d9182807ed16b29f3e1e4b6494d664ba52d5,30,0x16febb95d5869ff585bc2f0cc94466d6ecfca4be135688368c1b82a06bfba47f,6895625,3251816,189753,,,1
0xac191b84d110a8fe37ff11d9823c81a339d72be62393e47c84cd9798ae04278e,117,0xd6fedbb82adf45b09db83413f9bf1cd2163513e6b4ff8480740712d7b85e46c3,6895623,16041353,120429,,,1
0xb6a603ce73a984a1e8c5e218415a4c36376310aad41a90f2fa293208e822aea1,31,0x16febb95d5869ff585bc2f0cc94466d6ecfca4be135688368c1b82a06bfba47f,6895625,3414157,162341,,,1
0x66100d655341af923c821f287cfe7f385c97f7de32e049c3904ac09858d30f79,118,0xd6fedbb82adf45b09db83413f9bf1cd2163513e6b4ff8480740712d7b85e46c3,6895623,16219586,178233,,,1
0x9ca822ce0b12fd82011f63079c10e3fdaec098a864ddae456c64545846c78874,32,0x16febb95d5869ff585bc2f0cc94466d6ecfca4be135688368c1b82a06bfba47f,6895625,3458454,44297,,,1
0xafe36375f3fcaac22776cfbd325558f7dcf2a941a489f2ce5ffc253d8d7188fc,33,0x16febb95d5869ff585bc2f0cc94466d6ecfca4be135688368c1b82a06bfba47f,6895625,3479454,21000,,,1
0x711120f5f2ddddf7a6454a584d04eb16e17bd2f0d3c3903f2c60a214e5463fa2,34,0x16febb95d5869ff585bc2f0cc94466d6ecfca4be135688368c1b82a06bfba47f,6895625,3606363,126909,,,1
0x5af63856e3f1c3d72b1d3cf0d132800f0250028ae1db132fada13b93629773c1,35,0x16febb95d5869ff585bc2f0cc94466d6ecfca4be135688368c1b82a06bfba47f,6895625,3749213,142850,,,1
0x833258d3fa7c3d896102158a471c765d1dec871551f413c1ec48944619d7b119,119,0xd6fedbb82adf45b09db83413f9bf1cd2163513e6b4ff8480740712d7b85e46c3,6895623,16411882,192296,,,1
0xe095bc7232886e50613f54df9dc5440c252aa706575e89233c28be9251b16132,120,0xd6fedbb82adf45b09db83413f9bf1cd2163513e6b4ff8480740712d7b85e46c3,6895623,16618080,206198,,,1
0x453eed1bd4797664b5304155af05ceb7ab53e1d5f9bf9b6ebfe9236be7d2dc80,36,0x16febb95d5869ff585bc2f0cc94466d6ecfca4be135688368c1b82a06bfba47f,6895625,3942035,192822,,,1
0x73e621c9526b1b5151a27b1bd3f38ba2511993385a424d78a900bb1f92de22b2,121,0xd6fedbb82adf45b09db83413f9bf1cd2163513e6b4ff8480740712d7b85e46c3,6895623,16639080,21000,,,1
0x46c5302cc6a0bea59ba52aa97540cd48a9dee79b05e7b2047fb5f35112428178,122,0xd6fedbb82adf45b09db83413f9bf1cd2163513e6b4ff8480740712d7b85e46c3,6895623,16803178,164098,,,1
0xc1d085975f57b9c68c9e055014ecde67e362a88e05faa1e55837f7106924079a,37,0x16febb95d5869ff585bc2f0cc94466d6ecfca4be135688368c1b82a06bfba47f,6895625,3986165,44130,,,1
0x34efd007a35d8507b7815c50cb00730649ba189c3cc670e538221fc8a34a3aa4,38,0x16febb95d5869ff585bc2f0cc94466d6ecfca4be135688368c1b82a06bfba47f,6895625,4249817,263652,,,1
0x18279706f6960bc461ae420d11f6c0d7d55893622723cac79684a7cb3c018317,123,0xd6fedbb82adf45b09db83413f9bf1cd2163513e6b4ff8480740712d7b85e46c3,6895623,16840041,36863,,,1
0xe595c006355ac116816e0e7d4bd7adcc26e4507659bf52eda830be1a5a5186b0,39,0x16febb95d5869ff585bc2f0cc94466d6ecfca4be135688368c1b82a06bfba47f,6895625,4369157,119340,,,1
0x4c9b0bef431de27ef12ed9d1078c25e728d51405dc0710e6abe40da54b12f9a5,124,0xd6fedbb82adf45b09db83413f9bf1cd2163513e6b4ff8480740712d7b85e46c3,6895623,16950507,110466,,,1
0x2c07b2d75bf91853fd5205710d78b4e6bdb9d899488bf624433ef427c3c0fb0a,40,0x16febb95d5869ff585bc2f0cc94466d6ecfca4be135688368c1b82a06bfba47f,6895625,4413287,44130,,,1
0x208f492031d75bcd3be985c2dfa50ad97f67117d994b078dd501a34b4bf643a1,41,0x16febb95d5869ff585bc2f0cc94466d6ecfca4be135688368c1b82a06bfba47f,6895625,4491978,78691,,,1
0x779424491e50d8adb23adc24f56f3d0d174cb1258e305c545697712326b1182c,125,0xd6fedbb82adf45b09db83413f9bf1cd2163513e6b4ff8480740712d7b85e46c3,6895623,16994804,44297,,,1
0x1b9a5b198bf6a8ea98b7067be4f6aa28b49455fe281483eee2be85f3ba1c9a93,126,0xd6fedbb82adf45b09db83413f9bf1cd2163513e6b4ff8480740712d7b85e46c3,6895623,17084877,90073,,,1
0x840d5ef1a96978fd3185caf997eb27366a6e70adb50670ac8949e69dc503497c,42,0x16febb95d5869ff585bc2f0cc94466d6ecfca4be135688368c1b82a06bfba47f,6895625,4574869,82891,,,1
0x17932c12e50f7a3c87e800b8b62d90736b7076ff955bc71d8fcb290ef4071390,43,0x16febb95d5869ff585bc2f0cc94466d6ecfca4be135688368c1b82a06bfba47f,6895625,4717114,142245,,,1
0x571d53f024c345e6449478601574de8cb39b692a88ef4baaffc28d6e49c8fe2d,127,0xd6fedbb82adf45b09db83413f9bf1cd2163513e6b4ff8480740712d7b85e46c3,6895623,17255769,170892,,,1
0x40c9977e9b1ac30c6d2374c896048a90c89c02f2067c54e5fc603e17a108fb91,128,0xd6fedbb82adf45b09db83413f9bf1cd2163513e6b4ff8480740712d7b85e46c3,6895623,17433339,177570,,,1
0xc8980ef1b00503d83064878988b460919f2f2248417a6d040f698a1677365cfc,129,0xd6fedbb82adf45b09db83413f9bf1cd2163513e6b4ff8480740712d7b85e46c3,6895623,17477781,44442,,,1
0x615ab6a07ad057908364bb0968722b34cc29d102a1c40c3d362c088985b9cd7f,130,0xd6fedbb82adf45b09db83413f9bf1cd2163513e6b4ff8480740712d7b85e46c3,6895623,17498781,21000,,,1
0xf69003136137e05ed98d08324ba68b49f923886fa341914a022aebf8487052f6,131,0xd6fedbb82adf45b09db83413f9bf1cd2163513e6b4ff8480740712d7b85e46c3,6895623,17543329,44548,,,1
0xaca5abb7c223dca8a2677506b4b95671590ce7b275aaf92864b5e6519b4363b5,132,0xd6fedbb82adf45b09db83413f9bf1cd2163513e6b4ff8480740712d7b85e46c3,6895623,17642013,98684,,,1
0x522aa9c1939b4aa69a4d499ac8bc8daff26d95d325d9e36113b1ad820ab46990,133,0xd6fedbb82adf45b09db83413f9bf1cd2163513e6b4ff8480740712d7b85e46c3,6895623,17764972,122959,,,1
0x5bf713d7cf0c790f9e1a124bdad61ad54268fadc65c0f483196f6057922da00b,134,0xd6fedbb82adf45b09db83413f9bf1cd2163513e6b4ff8480740712d7b85e46c3,6895623,17825637,60665,,,1
0x33d96758d762c869c844c5c12aefc3e880b9fb958222ff1f343c6e5c3855eeaa,135,0xd6fedbb82adf45b09db83413f9bf1cd2163513e6b4ff8480740712d7b85e46c3,6895623,18031797,206160,,,1
0x31f8df627ae6fc87e97677da89ce60ca1105d53512fbc2b995ca881c7e0e85cc,136,0xd6fedbb82adf45b09db83413f9bf1cd2163513e6b4ff8480740712d7b85e46c3,6895623,18151200,119403,,,1
0x40c1268c07914c7772b8ba3fa40bb49d101217f2c785c60c4642269d274fd5b7,137,0xd6fedbb82adf45b09db83413f9bf1cd2163513e6b4ff8480740712d7b85e46c3,6895623,18210097,58897,,,1
0x24016cfb65fd7b4a5998a885d54c20b8e14c93f912c2f567d7060b622d2afd90,138,0xd6fedbb82adf45b09db83413f9bf1cd2163513e6b4ff8480740712d7b85e46c3,6895623,18254503,44406,,,1
0x958a053be204fd992c10127f5a5a4057949aec99acd44ba51ac001890b8f08ee,139,0xd6fedbb82adf45b09db83413f9bf1cd2163513e6b4ff8480740712d7b85e46c3,6895623,18291366,36863,,,1
0xc0ebd4e6c58102d8496828575e57d8b1794471ea7d4731e1f2522a6b2b7ccf5a,140,0xd6fedbb82adf45b09db83413f9bf1cd2163513e6b4ff8480740712d7b85e46c3,6895623,18531788,240422,,,1
0x6484985f6fd0f624f71ff3c22a2585b847bd4195c077a0a705813d9ac66f53b0,141,0xd6fedbb82adf45b09db83413f9bf1cd2163513e6b4ff8480740712d7b85e46c3,6895623,18738123,206335,,,0
0xa2f9666dfa476ad4d40284b8783877c07a7b5830be36e0b5183a6da7aa42eb17,142,0xd6fedbb82adf45b09db83413f9bf1cd2163513e6b4ff8480740712d7b85e46c3,6895623,18782145,44022,,,1
0x1df74a58b34459405ce62763a1f4c7298e1b5d4937af1b623b6cd0de0b9e957d,143,0xd6fedbb82adf45b09db83413f9bf1cd2163513e6b4ff8480740712d7b85e46c3,6895623,18968653,186508,,,1
0xbbb403a71cd93c508653970f3270170d4c8a865ffe7a73410125b1897beb7cc8,144,0xd6fedbb82adf45b09db83413f9bf1cd2163513e6b4ff8480740712d7b85e46c3,6895623,19166339,197686,,,1
0x93816fc2ce7fa3cb12a8701f704218ff14d2920d56081f78d5a762e0725c0120,145,0xd6fedbb82adf45b09db83413f9bf1cd2163513e6b4ff8480740712d7b85e46c3,6895623,19659081,492742,,,1
0xaed74edb0e53da9f45987078225b2f9bda40cb18c48adda57df6a9033d9bc9b0,146,0xd6fedbb82adf45b09db83413f9bf1cd2163513e6b4ff8480740712d7b85e46c3,6895623,19851929,192848,,,1
0x5a91c1be0f323bc62ab6fc33852bb3862460bb75b133320ed6834316240e9609,147,0xd6fedbb82adf45b09db83413f9bf1cd2163513e6b4ff8480740712d7b85e46c3,6895623,20098153,246224,,,1
0xaf0c2c6745aafcf3d6545332db69695234239cf654726c4d38023b691440b34d,148,0xd6fedbb82adf45b09db83413f9bf1cd2163513e6b4ff8480740712d7b85e46c3,6895623,20119268,21115,,,1
0x4fabcd86bf32622e07ea6dfb7e42ea452d082821a277f6280c9a81122633fbc3,149,0xd6fedbb82adf45b09db83413f9bf1cd2163513e6b4ff8480740712d7b85e46c3,6895623,20163398,44130,,,1
0x007f02dbc011ecc02f1e7843b24410722c0c779ce91ba74e54b530cef8f3d3e2,150,0xd6fedbb82adf45b09db83413f9bf1cd2163513e6b4ff8480740712d7b85e46c3,6895623,20399980,236582,,,1
0x575216315ea50f3c68546f2b627b38f0ad36d1609b9c96cebb1e7d220f588fca,151,0xd6fedbb82adf45b09db83413f9bf1cd2163513e6b4ff8480740712d7b85e46c3,6895623,20533711,133731,,,1
0x55539f377bb7fd1ca3d16518afb5a5d6220a65326ad77f7ca0e4dc59b37abfab,152,0xd6fedbb82adf45b09db83413f9bf1cd2163513e6b4ff8480740712d7b85e46c3,6895623,20554711,21000,,,1
0xb9e34a56871a3fd691f099417ec727f3693b1f79e84ec2d676ad1aace8cc8f44,153,0xd6fedbb82adf45b09db83413f9bf1cd2163513e6b4ff8480740712d7b85e46c3,6895623,20591574,36863,,,1
0xf99ba04628ba40a9ae723add5a1413a9295838c2c8c41e8123ba67b46b45d2e9,154,0xd6fedbb82adf45b09db83413f9bf1cd2163513e6b4ff8480740712d7b85e46c3,6895623,20985098,393524,,,0
0x0dcf6e4540257bcc30a816ab47bc8646db000a81bea676248952c7c860464a11,155,0xd6fedbb82adf45b09db83413f9bf1cd2163513e6b4ff8480740712d7b85e46c3,6895623,21235818,250720,,,1
0xc889917e277e8e31a1d2b71f3feaaff72da86bdcfeb0134d0a615f811ee1150f,156,0xd6fedbb82adf45b09db83413f9bf1cd2163513e6b4ff8480740712d7b85e46c3,6895623,21346372,110554,,,1
0x23e97b47a4b32caec8502be8f61bddb564bdd6fc53e38afaa2c52be8579b2bfe,157,0xd6fedbb82adf45b09db83413f9bf1cd2163513e6b4ff8480740712d7b85e46c3,6895623,21539263,192891,,,1
0x36dd96a75e9d6d8f2ed0cfe799f6b32a6d6ed6e970d47a1ecc30281eab94b1f9,158,0xd6fedbb82adf45b09db83413f9bf1cd2163513e6b4ff8480740712d7b85e46c3,6895623,21540779,1516,,,1
0x50a0ed01e4ca1e31e53faaa63386d308dd2ea74188cd13a63bd909c677080676,159,0xd6fedbb82adf45b09db83413f9bf1cd2163513e6b4ff8480740712d7b85e46c3,6895623,21557929,17150,,,1
0x4fd4a3609db551126f681983f4a92a35a866ee0601f7784b8bc872bbe3cc3f1e,0,0xf9f8bcc98e906945f71f9c45c044f73ee571ecfe8091b8d70682c480266d0d8b,6895624,377990,377990,,,1
0x7474aa618279346f47b33e3e4ab12e4977e7fa285bc7cbbe223eb196af63609b,1,0xf9f8bcc98e906945f71f9c45c044f73ee571ecfe8091b8d70682c480266d0d8b,6895624,399129,21139,,,1
0x3937c64b2600a5c807217fc588bf4cedb5e1b641a2ece57c11d2c176c0d5b701,2,0xf9f8bcc98e906945f71f9c45c044f73ee571ecfe8091b8d70682c480266d0d8b,6895624,420256,21127,,,1
0xae4a16cd516e513f638cc7eba23740c7f701fb143d10658fe9539cd58f51ca1d,3,0xf9f8bcc98e906945f71f9c45c044f73ee571ecfe8091b8d70682c480266d0d8b,6895624,531594,111338,,,1
0x628f54ad89af862fabe8a4ffb3172e50ccd24a2e6c372787de852e094ff13967,4,0xf9f8bcc98e906945f71f9c45c044f73ee571ecfe8091b8d70682c480266d0d8b,6895624,679941,148347,,,1
0x48c67fd50f98c51994d2466d9505d998997ff45b9114f48c6689f8479eb649f7,5,0xf9f8bcc98e906945f71f9c45c044f73ee571ecfe8091b8d70682c480266d0d8b,6895624,720229,40288,,,0
0x6c7c63feb59180f8f02c0b53321807386e1fb5de65f13b11d547f56886e1de41,6,0xf9f8bcc98e906945f71f9c45c044f73ee571ecfe8091b8d70682c480266d0d8b,6895624,819482,99253,,,1
0x0929a827dc71cf0cbf30984aa2359a3d51af6818f997db588f26faaf1d55f914,7,0xf9f8bcc98e906945f71f9c45c044f73ee571ecfe8091b8d70682c480266d0d8b,6895624,840482,21000,,,1
0x0e88c2188e12970919c75e794ec2d8efd5783657e784748981a1dbf0c009996d,8,0xf9f8bcc98e906945f71f9c45c044f73ee571ecfe8091b8d70682c480266d0d8b,6895624,876597,36115,,,1
0x4bea2f5dae2feaadeadd40d7693f537bd140cc6287b4b576e7b04fdc48d01ba3,9,0xf9f8bcc98e906945f71f9c45c044f73ee571ecfe8091b8d70682c480266d0d8b,6895624,1126018,249421,,,1
0xbe8b6daf145a7f07c5d43aaeb6ba8b39585c08263635ce4b97ffcec1f27a9c9c,10,0xf9f8bcc98e906945f71f9c45c044f73ee571ecfe8091b8d70682c480266d0d8b,6895624,1583581,457563,,,0
0xb67c63637705f23ee04ef065c2c654057a1c0a5f77067f375c43033813a98046,11,0xf9f8bcc98e906945f71f9c45c044f73ee571ecfe8091b8d70682c480266d0d8b,6895624,1932008,348427,,,1
0x62d1db395d15eacc9e1c23b012ad876d0862caac1502b6ca8b8d966cbea75121,12,0xf9f8bcc98e906945f71f9c45c044f73ee571ecfe8091b8d70682c480266d0d8b,6895624,2063009,131001,,,1
0xad9459a0ad9219d367a16890107d3332f95c36a155bf586227beb0bcb5a9c501,13,0xf9f8bcc98e906945f71f9c45c044f73ee571ecfe8091b8d70682c480266d0d8b,6895624,2281746,218737,,,1
0xe3b9fbaa8c611f0c5a54e3a0fd9be6a31f4a6b9f9c4bdc47deeb757b108f9c46,14,0xf9f8bcc98e906945f71f9c45c044f73ee571ecfe8091b8d70682c480266d0d8b,6895624,2341174,59428,,,0
0x2ee55d9b58f632604c9bb9401efacc449824719aa1633bd0471720c085f10102,15,0xf9f8bcc98e906945f71f9c45c044f73ee571ecfe8091b8d70682c480266d0d8b,6895624,2603066,261892,,,1
0xcb6915da261d0addfae2e1d87d541d9be4a5183fe8d1082dc230e1d73fe65fc5,16,0xf9f8bcc98e906945f71f9c45c044f73ee571ecfe8091b8d70682c480266d0d8b,6895624,2781566,178500,,,1
0xda2b9e6fe8ad9c68888edb24f1fb88edf75a2ac810048fe007c3b8f2da2b78ff,17,0xf9f8bcc98e906945f71f9c45c044f73ee571ecfe8091b8d70682c480266d0d8b,6895624,2985066,203500,,,1
0xd67e959c92884b551e399be7b71e154e9d380a96f63a89b1bfdec0d38d87b73d,18,0xf9f8bcc98e906945f71f9c45c044f73ee571ecfe8091b8d70682c480266d0d8b,6895624,3163578,178512,,,1
0xea6494f69c4c0988200e8126af87f6a7c262bddc0cdd1bf1ac63efbb818ae7e8,19,0xf9f8bcc98e906945f71f9c45c044f73ee571ecfe8091b8d70682c480266d0d8b,6895624,3342090,178512,,,1
0x4103b159769ab544bc2365afb9bd04f069b43d9ca704b0e9cbbd17d7b82fed5e,20,0xf9f8bcc98e906945f71f9c45c044f73ee571ecfe8091b8d70682c480266d0d8b,6895624,3558370,216280,,,1
0x400c952c9bbf296bbb035cd672fa67b468c1b2674cb99543a31a8f7e69a98983,21,0xf9f8bcc98e906945f71f9c45c044f73ee571ecfe8091b8d70682c480266d0d8b,6895624,3617786,59416,,,0
0x16209a26a7d811ff7395e79970319062226397f86905eed30c51f95797a212ab,22,0xf9f8bcc98e906945f71f9c45c044f73ee571ecfe8091b8d70682c480266d0d8b,6895624,3677190,59404,,,0
0x7d4406c87d20b8a133df74b62942433257ebebb2f3bc4a05bc09cc06448a5f60,23,0xf9f8bcc98e906945f71f9c45c044f73ee571ecfe8091b8d70682c480266d0d8b,6895624,3736606,59416,,,0
0x204395a079d053c75e658191d332e4c3000cbf0365de3a6bd57da49168a5c1de,24,0xf9f8bcc98e906945f71f9c45c044f73ee571ecfe8091b8d70682c480266d0d8b,6895624,3796034,59428,,,0
0xc49875e2d8bb097bc04834cb65c839f3e65decef1d07be8ef90ff5e0c3ff1784,25,0xf9f8bcc98e906945f71f9c45c044f73ee571ecfe8091b8d70682c480266d0d8b,6895624,3855462,59428,,,0
0x4da54ae861ac4ea4d333959e3d87cc11f20b2f44fd932610a25a1bcc57e02022,26,0xf9f8bcc98e906945f71f9c45c044f73ee571ecfe8091b8d70682c480266d0d8b,6895624,3914210,58748,,,0
0x3584ee9748fd2b0da8b37c19e6783a756f722c20e8cc6ab5aa9b8c409475b0ab,27,0xf9f8bcc98e906945f71f9c45c044f73ee571ecfe8091b8d70682c480266d0d8b,6895624,3973626,59416,,,0
0x0fa86d175a43c512b768cb93d11eca7de55dad986475d2918adff1e0de5514b2,28,0xf9f8bcc98e906945f71f9c45c044f73ee571ecfe8091b8d70682c480266d0d8b,6895624,4033054,59428,,,0
0x1691347764f4d7ba009496674320979d8fd7c1bbae9528c1b587210ba3dae72b,29,0xf9f8bcc98e906945f71f9c45c044f73ee571ecfe8091b8d70682c480266d0d8b,6895624,4120466,87412,,,0
0x96e7295a5e91e07f712f3878b226a2a74d212493004bd110f891bbf278a5e59e,30,0xf9f8bcc98e906945f71f9c45c044f73ee571ecfe8091b8d70682c480266d0d8b,6895624,4179870,59404,,,0
0x8e65b3d6aed17e60cfd057615cfae1ccdb8072080ec18742f87fe0e3f977dc4c,31,0xf9f8bcc98e906945f71f9c45c044f73ee571ecfe8091b8d70682c480266d0d8b,6895624,4239298,59428,,,0
0xfe62d25c909721cb323104883da64a7ccb1d478828171c22899c2fd7fc46dae0,32,0xf9f8bcc98e906945f71f9c45c044f73ee571ecfe8091b8d70682c480266d0d8b,6895624,4298714,59416,,,0
0x7520812467015a4e3b0baa51c30ba13085ae9aa9832ee7040a1784d2635fb707,33,0xf9f8bcc98e906945f71f9c45c044f73ee571ecfe8091b8d70682c480266d0d8b,6895624,4358118,59404,,,0
0x6ce8475a8b68107c11cc545bf5730d4b3389583203be6c880ed0c5f89bdaea8c,34,0xf9f8bcc98e906945f71f9c45c044f73ee571ecfe8091b8d70682c480266d0d8b,6895624,4417534,59416,,,0
0xd004240619463bfcc70ed4e2c4fb9a924bed0bc10c459b755042f2c1cc63a8f4,35,0xf9f8bcc98e906945f71f9c45c044f73ee571ecfe8091b8d70682c480266d0d8b,6895624,4476962,59428,,,0
0x0569a191c62a857c16ef2a7c1222d6191086590fe83276a312fa451cb2d1d423,36,0xf9f8bcc98e906945f71f9c45c044f73ee571ecfe8091b8d70682c480266d0d8b,6895624,4536390,59428,,,0
0xe9d07664f770464f8855f60abce2a990199b25e5e1969436b7569bb729682c8d,37,0xf9f8bcc98e906945f71f9c45c044f73ee571ecfe8091b8d70682c480266d0d8b,6895624,4595138,58748,,,0
0x12101abebeacba0d75ca9683fbcdd0e58653c8793cf27c74a59b6837d95cf9c8,38,0xf9f8bcc98e906945f71f9c45c044f73ee571ecfe8091b8d70682c480266d0d8b,6895624,4654554,59416,,,0
0x6141a0c537de59c7404a0dae7b7525b61b5013e17e51baf82fff64f8953226d1,39,0xf9f8bcc98e906945f71f9c45c044f73ee571ecfe8091b8d70682c480266d0d8b,6895624,4713982,59428,,,0
0x336b56f337c5ccdfb0b79451781782b29f66cf05e8173a09c194f58ff8f68498,44,0x16febb95d5869ff585bc2f0cc94466d6ecfca4be135688368c1b82a06bfba47f,6895625,4741991,24877,,,0
0x46f46e6f8cc4c90b8655482cfff5edc1c618dd27bc881ba333a70281bbfe1dfd,45,0x16febb95d5869ff585bc2f0cc94466d6ecfca4be135688368c1b82a06bfba47f,6895625,4926828,184837,,,1
0xae9c4bdff656eb3ea76535579d5d521772640627b00ad3e94a895de37922d5a9,46,0x16febb95d5869ff585bc2f0cc94466d6ecfca4be135688368c1b82a06bfba47f,6895625,4971159,44331,,,1
0xf76daaa60fac194d40eb78caca8885caec8e889c8b99781a1bb10b228742b056,47,0x16febb95d5869ff585bc2f0cc94466d6ecfca4be135688368c1b82a06bfba47f,6895625,5206111,234952,,,0
0xe2dee5bdd98823728d810c79feb43fb256bb47c386ec1e17b9b5245be6c30d02,48,0x16febb95d5869ff585bc2f0cc94466d6ecfca4be135688368c1b82a06bfba47f,6895625,5350920,144809,,,1
0x286314c5dbda5becb5d99332331e1a1a7ba9b27a63d538be1f24afbaaabd8f4e,49,0x16febb95d5869ff585bc2f0cc94466d6ecfca4be135688368c1b82a06bfba47f,6895625,5395326,44406,,,1
0x14ffcc1f06befd31c194276727e75e18f3313403fcc63b58d7afbb040ddb4e7f,50,0x16febb95d5869ff585bc2f0cc94466d6ecfca4be135688368c1b82a06bfba47f,6895625,5502676,107350,,,1
0x5985fe14856dedaf7ef904e18bab755bb8617e52c8401707716e65567355c8b2,51,0x16febb95d5869ff585bc2f0cc94466d6ecfca4be135688368c1b82a06bfba47f,6895625,5680042,177366,,,1
0xe56c9ee0ecb2d659a4b4f2a8a82a05f84d8ff8d0fc0331d130ac691e71be26ab,52,0x16febb95d5869ff585bc2f0cc94466d6ecfca4be135688368c1b82a06bfba47f,6895625,5877790,197748,,,1
0xb94a84e62ec38c9c34606d790cc9a2ee99bd443cca63fa6c51a907d939454aea,53,0x16febb95d5869ff585bc2f0cc94466d6ecfca4be135688368c1b82a06bfba47f,6895625,6073637,195847,,,1
0xdb677bcce01d8a3cfbc8dd09c107c72cd5fd6e4a35f01f773b0bb084d352d869,54,0x16febb95d5869ff585bc2f0cc94466d6ecfca4be135688368c1b82a06bfba47f,6895625,6117767,44130,,,1
0xe6fc508ec5af719e244046130841b32fca966b925ecee762a711c57eeaf0d92e,55,0x16febb95d5869ff585bc2f0cc94466d6ecfca4be135688368c1b82a06bfba47f,6895625,6256763,138996,,,1
0xa813243ea4e9c6831c9ebfd185fc8adbed2cd22eac366a0dd379d8d8f834e7ef,56,0x16febb95d5869ff585bc2f0cc94466d6ecfca4be135688368c1b82a06bfba47f,6895625,6301193,44430,,,1
0x445d149d46e0640b22caf77aa47da0c271a48d6c260899619b3948cd91b881e6,57,0x16febb95d5869ff585bc2f0cc94466d6ecfca4be135688368c1b82a06bfba47f,6895625,6467279,166086,,,1
0x759d01848f12300e40acf77740d62f2df7b0e034c14dbf755d0778e63a01cc02,58,0x16febb95d5869ff585bc2f0cc94466d6ecfca4be135688368c1b82a06bfba47f,6895625,6737204,269925,,,1
0xf81a371416b58e6cfd2da72b6c952d6f432fa87947adda936e18a5b5f2b11919,59,0x16febb95d5869ff585bc2f0cc94466d6ecfca4be135688368c1b82a06bfba47f,6895625,6815883,78679,,,1
0x0cb8c852ba91ce42099363ee8a134000984c7b01263bc011509ba7fdd29d0ab2,60,0x16febb95d5869ff585bc2f0cc94466d6ecfca4be135688368c1b82a06bfba47f,6895625,6898774,82891,,,1
0x50d4f503985f3a8508ae9f3ce93b185f138a101772f72ae7f8518c5b411475e9,61,0x16febb95d5869ff585bc2f0cc94466d6ecfca4be135688368c1b82a06bfba47f,6895625,6930100,31326,,,0
0x0bcf425d4617df3d344e65ec9af999e80c8b79a25d84dad12f5b129011b69da7,62,0x16febb95d5869ff585bc2f0cc94466d6ecfca4be135688368c1b82a06bfba47f,6895625,6974552,44452,,,1
0x6809bc356b4c2fa538cfcde2c8670d04295ab32ac848ae65fab5d9690edce905,63,0x16febb95d5869ff585bc2f0cc94466d6ecfca4be135688368c1b82a06bfba47f,6895625,6995552,21000,,,1
0x054bbf3f7ff6106501e11e705d63a87316f887c7e50bf3da8612afa914feaa3f,64,0x16febb95d5869ff585bc2f0cc94466d6ecfca4be135688368c1b82a06bfba47f,6895625,7234423,238871,,,1
0x7a2e481b353f1ff8c15b8c7e8be040dc79d6acb0b7c3d54d8c1a63dec0ea9699,65,0x16febb95d5869ff585bc2f0cc94466d6ecfca4be135688368c1b82a06bfba47f,6895625,7374405,139982,,,1
0x68548a3223420071662e5de530e37f0eba8bced6741b57268a6ea399db781084,66,0x16febb95d5869ff585bc2f0cc94466d6ecfca4be135688368c1b82a06bfba47f,6895625,7524574,150169,,,1
0x9408591af939fcb80cc4adbfa8257a69f60410623d014d30156ea5a4c609caae,67,0x16febb95d5869ff585bc2f0cc94466d6ecfca4be135688368c1b82a06bfba47f,6895625,7568704,44130,,,1
0x6cd8338879ca004a3b2a917bc971670aef57495025a0cb418ecfb3ae03a2271a,68,0x16febb95d5869ff585bc2f0cc94466d6ecfca4be135688368c1b82a06bfba47f,6895625,7747710,179006,,,1
0xed164b5e0d38c924b01185f3549f5f3a954fdc8b3bd98381434c508171acafd8,69,0x16febb95d5869ff585bc2f0cc94466d6ecfca4be135688368c1b82a06bfba47f,6895625,7778959,31249,,,0
0xa10421191c7873b37a93a6d1a7e1f49991c6818706e0cc5fcd240c259b1841e9,70,0x16febb95d5869ff585bc2f0cc94466d6ecfca4be135688368c1b82a06bfba47f,6895625,7799959,21000,,,1
0xaf75e9e10d7d8883dd1738c7cd5a361328c4a5549bd6c87f093a302cb3cef049,71,0x16febb95d5869ff585bc2f0cc94466d6ecfca4be135688368c1b82a06bfba47f,6895625,7997707,197748,,,1
0x604d7bd8d84dad1fa4b40e8df600c8024d7f2dff7719889f9cfdb1ee539a3e4a,72,0x16febb95d5869ff585bc2f0cc94466d6ecfca4be135688368c1b82a06bfba47f,6895625,8201865,204158,,,1
0x456a5312c1b8ca52b8ea778aaa6aeea2eaca8eebf812b15ad787448492e49649,73,0x16febb95d5869ff585bc2f0cc94466d6ecfca4be135688368c1b82a06bfba47f,6895625,8285981,84116,,,1
0xbb93918c68d6ec395638471b84ba885e0cd2c3b6aa989d21185c89156c9b3634,74,0x16febb95d5869ff585bc2f0cc94466d6ecfca4be135688368c1b82a06bfba47f,6895625,8346646,60665,,,1
0xe41266c95a26830f074f683391dbde6588ff39dfede215d1463895d27ad6f442,75,0x16febb95d5869ff585bc2f0cc94466d6ecfca4be135688368c1b82a06bfba47f,6895625,8391171,44525,,,1
0x71d4917b18b6d212c1e001d02df01c864d3fe39ded216d94243a552a0a3c2bac,76,0x16febb95d5869ff585bc2f0cc94466d6ecfca4be135688368c1b82a06bfba47f,6895625,9175386,784215,,,1
0xddb01bad3691a00f076226bb0ae62746d9e670f00a771bc6c2202c9c2e0d564d,77,0x16febb95d5869ff585bc2f0cc94466d6ecfca4be135688368c1b82a06bfba47f,6895625,9219838,44452,,,1
0x1f583d0745d7ace5bfc291de0d65757ebafb8a3ab33481d5b8de01c91114e2ad,78,0x16febb95d5869ff585bc2f0cc94466d6ecfca4be135688368c1b82a06bfba47f,6895625,9495769,275931,,,1
0x23f1f1d3f455fcae99adc58d076075be01d241f5b407264522aff4e9e356478e,79,0x16febb95d5869ff585bc2f0cc94466d6ecfca4be135688368c1b82a06bfba47f,6895625,9668434,172665,,,1
0xfc735e48234ba6fae7d2c44252f719590c388ff4656e0bb26392662781db99c8,80,0x16febb95d5869ff585bc2f0cc94466d6ecfca4be135688368c1b82a06bfba47f,6895625,9712564,44130,,,1
0x0a0eed483808db9cf108a97b30142029fa845cd2b1c83a5e780b900780887a49,81,0x16febb95d5869ff585bc2f0cc94466d6ecfca4be135688368c1b82a06bfba47f,6895625,9835532,122968,,,1
0x72dd7224dc7e5f792cea3c1290228e7fb05e6fb2001c210f75689b05c2a08cf9,82,0x16febb95d5869ff585bc2f0cc94466d6ecfca4be135688368c1b82a06bfba47f,6895625,9911806,76274,,,1
0xe39bf9e1beff29b39b0a681a6bf361a284b91df434f33d3eccfcdb4c6f8900a2,83,0x16febb95d5869ff585bc2f0cc94466d6ecfca4be135688368c1b82a06bfba47f,6895625,9956354,44548,,,1
0x4178b10ac6b3ccdff80bf10d577e43fa137ada52d1f0951254c6fed88e8cc111,84,0x16febb95d5869ff585bc2f0cc94466d6ecfca4be135688368c1b82a06bfba47f,6895625,10152038,195684,,,1
0xf294dfbdd62b15895ad9e82a107cb0b656bedc05bd1db53c0490b824db02c8fa,85,0x16febb95d5869ff585bc2f0cc94466d6ecfca4be135688368c1b82a06bfba47f,6895625,10196168,44130,,,1
0x679f954ac90394dab8ab77cdb316e433f72d822a760a171c628ec61b2a9f4a61,86,0x16febb95d5869ff585bc2f0cc94466d6ecfca4be135688368c1b82a06bfba47f,6895625,10709279,513111,,,1
0xa3d2f7f76df0fdc6a72c9544da7c86aade5a16efb59decea13638ddc8907be5d,87,0x16febb95d5869ff585bc2f0cc94466d6ecfca4be135688368c1b82a06bfba47f,6895625,10817274,107995,,,1
0xa5a852b0ad07d6ad2bf5de7ed93c0b6514c87ef3c69ff91f68d72d71fbb84c64,88,0x16febb95d5869ff585bc2f0cc94466d6ecfca4be135688368c1b82a06bfba47f,6895625,10900165,82891,,,1
0xa78649fb6ae444b9020a23eab9c78e87eb610766956e876ccd60a73ab16192b0,89,0x16febb95d5869ff585bc2f0cc94466d6ecfca4be135688368c1b82a06bfba47f,6895625,10978856,78691,,,1
0x08f8a4e47bbe2cab5aa70a96194c532668e5838330c52aec8e43fba51739beec,90,0x16febb95d5869ff585bc2f0cc94466d6ecfca4be135688368c1b82a06bfba47f,6895625,11023382,44526,,,1
0x0198ba455f21dd46d1463bb1ea8a0d01f6f35d915d41e587ba2add532cf4571b,91,0x16febb95d5869ff585bc2f0cc94466d6ecfca4be135688368c1b82a06bfba47f,6895625,11067834,44452,,,1
0xd9d76ac09ccadeeb1dfebb0c51c9e94bf27a1c596963545164920049a78c4345,92,0x16febb95d5869ff585bc2f0cc94466d6ecfca4be135688368c1b82a06bfba47f,6895625,11112382,44548,,,1
0x8fbbe087bff827d82696c2a8cb366eedb0992f610e52ece3b4f5869329fd7cea,93,0x16febb95d5869ff585bc2f0cc94466d6ecfca4be135688368c1b82a06bfba47f,6895625,11230028,117646,,,1
0x56fc29531de5b2096cd15232c2662a535edf8bb097c4c79b8a505ff29135c1c9,94,0x16febb95d5869ff585bc2f0cc94466d6ecfca4be135688368c1b82a06bfba47f,6895625,11900558,670530,,,1
0x49169e9049c2de2dfd3bd76e6597862b85e4607d79f36cf9376fe3f9534e5d2d,95,0x16febb95d5869ff585bc2f0cc94466d6ecfca4be135688368c1b82a06bfba47f,6895625,12888054,987496,,,1
0xe5b074a9400476768457d78cab88d16a96c4f277e0f1122d90bd284530267dd2,96,0x16febb95d5869ff585bc2f0cc94466d6ecfca4be135688368c1b82a06bfba47f,6895625,12909054,21000,,,1
0x46c87bcffae86a99a8d2a549d78460524aad700e7860c08f70c19ae6dfb38249,97,0x16febb95d5869ff585bc2f0cc94466d6ecfca4be135688368c1b82a06bfba47f,6895625,12976734,67680,,,1
0x087853e97ae052e077b7bd8adace5cf8857f1c049e4bdeca8b31cbff2d8ea182,98,0x16febb95d5869ff585bc2f0cc94466d6ecfca4be135688368c1b82a06bfba47f,6895625,13100986,124252,,,1
0x9fd0f455772e3acd52a522d333d5ed868dac7697d5db804c9099c4291a08d280,99,0x16febb95d5869ff585bc2f0cc94466d6ecfca4be135688368c1b82a06bfba47f,6895625,13145428,44442,,,1
0xbc73940a65038f7304a8e1e4af11204205442020709bd6039c1cf9aa2a49b7c7,100,0x16febb95d5869ff585bc2f0cc94466d6ecfca4be135688368c1b82a06bfba47f,6895625,13336667,191239,,,1
0x7a59a72b1ca041382a140086033f411315d5145ab8c396ab19faed966d61b627,101,0x16febb95d5869ff585bc2f0cc94466d6ecfca4be135688368c1b82a06bfba47f,6895625,13363757,27090,,,0
0xbe8c77a59d2e5238e972bc60bcbda1c10bbc681d681bb36e94c83b369cdddb9f,102,0x16febb95d5869ff585bc2f0cc94466d6ecfca4be135688368c1b82a06bfba47f,6895625,13395006,31249,,,0
0xb63ce61a16ec5d30891d7d01710e39311bb066d942ed1eeaab6b0baa714bb014,103,0x16febb95d5869ff585bc2f0cc94466d6ecfca4be135688368c1b82a06bfba47f,6895625,13648466,253460,,,1
0x6e43de24023f28c6e6387ac3d08af3a5bd74fbfe145bf91e11db03f6b7c15e17,104,0x16febb95d5869ff585bc2f0cc94466d6ecfca4be135688368c1b82a06bfba47f,6895625,13692596,44130,,,1
0xf447e7b8fcf8d98aad5bf9092acecf88956ea80ed18da109d13eba794145fde3,105,0x16febb95d5869ff585bc2f0cc94466d6ecfca4be135688368c1b82a06bfba47f,6895625,13953309,260713,,,1
0x7fc807c44d1f815a8c003f5a68dad7a9ff3fa761a532d11f7b7c3fc01a018723,106,0x16febb95d5869ff585bc2f0cc94466d6ecfca4be135688368c1b82a06bfba47f,6895625,14079297,125988,,,1
0x10caf082f393833e0034719b02db7c37f08d62cd758b3a4e7975e887926d21e9,107,0x16febb95d5869ff585bc2f0cc94466d6ecfca4be135688368c1b82a06bfba47f,6895625,14331556,252259,,,1
0x447d3b1ce3076ac9cb863095446145136fb7269d926d9ed5b1c4d603111948e4,108,0x16febb95d5869ff585bc2f0cc94466d6ecfca4be135688368c1b82a06bfba47f,6895625,14892360,560804,,,1
0xa2374c786d64da4d5a0ef08c6779047240a9dd8fa8ca65174a979fa837bdaace,109,0x16febb95d5869ff585bc2f0cc94466d6ecfca4be135688368c1b82a06bfba47f,6895625,14936490,44130,,,1
0x72dceace4ed51ae4831b327519a97b6411bcafd2d87d6ba0df91ce5cf9544eb2,110,0x16febb95d5869ff585bc2f0cc94466d6ecfca4be135688368c1b82a06bfba47f,6895625,14957530,21040,,,1
0xf23f94eb78745aff2d2e8cd35e6cc73c5f48c3a99e6fdc50712e36332b9ee8b8,111,0x16febb95d5869ff585bc2f0cc94466d6ecfca4be135688368c1b82a06bfba47f,6895625,14986960,29430,,,1
0x06221615d6f30513fc54b4965c6d734a6d4ad394b8b5e9839b1a1f18cad13a5e,112,0x16febb95d5869ff585bc2f0cc94466d6ecfca4be135688368c1b82a06bfba47f,6895625,15180172,193212,,,1
0x96981263d39742008ead2c746e1fa7ba042061754a7976d8ce1f7588a7a1bf8e,113,0x16febb95d5869ff585bc2f0cc94466d6ecfca4be135688368c1b82a06bfba47f,6895625,15364678,184506,,,1
0x2f056e6dbf980fd7b73d1e9419c2ed0b934643954875d183ce5fb5c0139fc14c,114,0x16febb95d5869ff585bc2f0cc94466d6ecfca4be135688368c1b82a06bfba47f,6895625,15484712,120034,,,1
0x3236419cb676762c74539667b6200c3f6bfb0c196fdf13395e4ac81b33961920,115,0x16febb95d5869ff585bc2f0cc94466d6ecfca4be135688368c1b82a06bfba47f,6895625,15582930,98218,,,1
0x9c88f1dca6f286538f38047733adc0f499ed4d6e6cdd9dc8fd4c7c0d016788ac,116,0x16febb95d5869ff585bc2f0cc94466d6ecfca4be135688368c1b82a06bfba47f,6895625,15627478,44548,,,1
0xc3c0d103af5d10a2daa3aa4b216e415584ae5bde37d34672602981f4d2168abb,117,0x16febb95d5869ff585bc2f0cc94466d6ecfca4be135688368c1b82a06bfba47f,6895625,15818993,191515,,,1
0xfe9048839f1f8778e9bc1a029add6fded76104064ceb03c4444163fe0fe3a7bc,118,0x16febb95d5869ff585bc2f0cc94466d6ecfca4be135688368c1b82a06bfba47f,6895625,16011830,192837,,,1
0x62e886b05842e1e50f499ddff94fccb73d6aeceb4c94721164c692dd0ccd56d6,119,0x16febb95d5869ff585bc2f0cc94466d6ecfca4be135688368c1b82a06bfba47f,6895625,16083041,71211,,,1
0x5f7bbbba51de3de966bd13488f7e4ac599cc2c190e0606d67fd49d14d14f5e12,120,0x16febb95d5869ff585bc2f0cc94466d6ecfca4be135688368c1b82a06bfba47f,6895625,16127171,44130,,,1
0xd80adebda49a885063525dea041a57347f193d9f0871c24c863b2d0861161d30,121,0x16febb95d5869ff585bc2f0cc94466d6ecfca4be135688368c1b82a06bfba47f,6895625,16315899,188728,,,1
0xdf7f9fe4bb86d65b6ce5713af2537a9f6ae0633b945d2c391d9f370c3da74cfb,122,0x16febb95d5869ff585bc2f0cc94466d6ecfca4be135688368c1b82a06bfba47f,6895625,16503632,187733,,,1
0xbeb39b2917cbe042326a5fd48452c5165085ddf89f30c6e47f2eaa88d7ab60da,123,0x16febb95d5869ff585bc2f0cc94466d6ecfca4be135688368c1b82a06bfba47f,6895625,16554747,51115,,,1
0x2526581d9d0b220f93507601f8d380e9c03976463d2d4265aefc3218f8d8ad15,124,0x16febb95d5869ff585bc2f0cc94466d6ecfca4be135688368c1b82a06bfba47f,6895625,16695103,140356,,,1
0xdb173b6477672c561f38da9f1b32d1d9f2948d75e6c985bcc5385bc63b79d37e,125,0x16febb95d5869ff585bc2f0cc94466d6ecfca4be135688368c1b82a06bfba47f,6895625,16811238,116135,,,1
0xd5f0c4e243910db348f729862a91a897dc81b2e87ac493de8d0912542b56a12a,126,0x16febb95d5869ff585bc2f0cc94466d6ecfca4be135688368c1b82a06bfba47f,6895625,16841016,29778,,,0
0xe748bb08b7a665d9c8425f8a0fc0de4ac0473915744b411b6095f12fffa1ccf9,127,0x16febb95d5869ff585bc2f0cc94466d6ecfca4be135688368c1b82a06bfba47f,6895625,16885468,44452,,,1
0xae0d7186338de0d1b0a277633580d0336278e401fe9483a05b0ea6691cfcaa4b,128,0x16febb95d5869ff585bc2f0cc94466d6ecfca4be135688368c1b82a06bfba47f,6895625,16929598,44130,,,1
0x79ccab21b553b56690bb235558987ba17d661b101049d7c071f614d34af82270,129,0x16febb95d5869ff585bc2f0cc94466d6ecfca4be135688368c1b82a06bfba47f,6895625,17089972,160374,,,1
0x5496caf2b44bec147da328d466c50bd65148483165e850557ee3876b34ce3e86,130,0x16febb95d5869ff585bc2f0cc94466d6ecfca4be135688368c1b82a06bfba47f,6895625,17269883,179911,,,1
0x27ada208d631291a07a76d9c0ccdbb7f949006893d9138510118c6bd7ef1b375,131,0x16febb95d5869ff585bc2f0cc94466d6ecfca4be135688368c1b82a06bfba47f,6895625,17450833,180950,,,1
0xfc6dc95b43892dae903c2f30efa88ea84d0308d4b77d3154c3683c82eae61412,132,0x16febb95d5869ff585bc2f0cc94466d6ecfca4be135688368c1b82a06bfba47f,6895625,17522044,71211,,,1
0xea95bbe1a65818764a61a55491fd73ad44215c2f763905f86b37e638445d9322,133,0x16febb95d5869ff585bc2f0cc94466d6ecfca4be135688368c1b82a06bfba47f,6895625,17944267,422223,,,1
0xd4bfea58b928d7cef3fd7909e4cf6bab4076493771e1dc3d856a80805ae0b90d,134,0x16febb95d5869ff585bc2f0cc94466d6ecfca4be135688368c1b82a06bfba47f,6895625,18101983,157716,,,1
0x535ab608bc096cd77eb2ec3cb8954a21e579f52642e7a41d1a0677fe05919928,135,0x16febb95d5869ff585bc2f0cc94466d6ecfca4be135688368c1b82a06bfba47f,6895625,18146389,44406,,,1
0x7b5b29ff01da44ee599b9149f6fd7c2cf3191d655c437c419e0a564e4948cb95,136,0x16febb95d5869ff585bc2f0cc94466d6ecfca4be135688368c1b82a06bfba47f,6895625,18273780,127391,,,1
0xd8932683186519787f7170240b8e2e838243c579be08b939f3b161f7877d1617,137,0x16febb95d5869ff585bc2f0cc94466d6ecfca4be135688368c1b82a06bfba47f,6895625,18438199,164419,,,1
0x5eaaebbc446d9dea7aa3c7680e6646998ff8f4679351045261a5f648f6dcd772,138,0x16febb95d5869ff585bc2f0cc94466d6ecfca4be135688368c1b82a06bfba47f,6895625,18754256,316057,,,1
0x121ef1a01fcdadd91d515d75f2fe31c2e3d871488f914059306e04d8f480c10b,139,0x16febb95d5869ff585bc2f0cc94466d6ecfca4be135688368c1b82a06bfba47f,6895625,18781346,27090,,,0
0x6ab9204cfa772490fc3f84f289ac567131c005ffa7bc3826ef84178ec941291d,140,0x16febb95d5869ff585bc2f0cc94466d6ecfca4be135688368c1b82a06bfba47f,6895625,18825894,44548,,,1
0xbe668eb15952f43759a78ca0263777fdca0d9c80a384b6be8c6e387f2eb94e36,141,0x16febb95d5869ff585bc2f0cc94466d6ecfca4be135688368c1b82a06bfba47f,6895625,18897105,71211,,,1
0x045b75d1e229156649772819c634b7f9032cb99ea02bf5aba3bed33053bf2d6b,142,0x16febb95d5869ff585bc2f0cc94466d6ecfca4be135688368c1b82a06bfba47f,6895625,18995585,98480,,,1
0xd60a16e332d47eb3d8d542edd93bbed22d523f598b74ff197f3d89ff303d8c45,143,0x16febb95d5869ff585bc2f0cc94466d6ecfca4be135688368c1b82a06bfba47f,6895625,19093812,98227,,,1
0xb30a9058f80055992edb997aba75ad01fc5ffff045a298a5ad25cf5f85a2def5,40,0xf9f8bcc98e906945f71f9c45c044f73ee571ecfe8091b8d70682c480266d0d8b,6895624,4735097,21115,,,1
0xfdeb8f6a427dee2922c7ea3a1171c280637a43079b004a7e9ef99bed09a7d01c,41,0xf9f8bcc98e906945f71f9c45c044f73ee571ecfe8091b8d70682c480266d0d8b,6895624,4774002,38905,,,0
0x80650d8562d6c4922e77db7ef235ad9a487ffc58ee52c37607d62d079ecb52d3,42,0xf9f8bcc98e906945f71f9c45c044f73ee571ecfe8091b8d70682c480266d0d8b,6895624,5006927,232925,,,0
0x31f66f7cd77266b9943a788de4f2d3942d11028575231c98467b5acf995c5b18,43,0xf9f8bcc98e906945f71f9c45c044f73ee571ecfe8091b8d70682c480266d0d8b,6895624,5144228,137301,,,1
0xf37235bc9134b4063b4604f825d3854d23940732653ef2ea934e7773f87bed75,44,0xf9f8bcc98e906945f71f9c45c044f73ee571ecfe8091b8d70682c480266d0d8b,6895624,5188632,44404,,,1
0x7c42d909bf73221aa4a2918433c44ce7e0b5a32eaf02499cfb32eb5f87991122,45,0xf9f8bcc98e906945f71f9c45c044f73ee571ecfe8091b8d70682c480266d0d8b,6895624,5346348,157716,,,1
0x22c5313fa7d1056991f8c316ba6df784d5574f935b0b46afdbbb7b05b73bd45f,46,0xf9f8bcc98e906945f71f9c45c044f73ee571ecfe8091b8d70682c480266d0d8b,6895624,5462483,116135,,,1
0x3e3f07db1b525898c0481039022ca991f8d95d7ed6cb44f0ba0a8a73ac965fed,47,0xf9f8bcc98e906945f71f9c45c044f73ee571ecfe8091b8d70682c480266d0d8b,6895624,6132738,670255,,,1
0xfd255731b906956d663eb05d0a14622391786ed91b34907cb65e5399fa1bea03,48,0xf9f8bcc98e906945f71f9c45c044f73ee571ecfe8091b8d70682c480266d0d8b,6895624,6393107,260369,,,1
0xa9da3fb4194e02f99209e8cd9c12078cf3b3edf54ae424be0b45e6ffe191d356,49,0xf9f8bcc98e906945f71f9c45c044f73ee571ecfe8091b8d70682c480266d0d8b,6895624,6437237,44130,,,1
0xebd3d6a4a14fade8c4dbc95401e210180a4a0aecd126e9b4e12a16d6db1662fa,50,0xf9f8bcc98e906945f71f9c45c044f73ee571ecfe8091b8d70682c480266d0d8b,6895624,6556863,119626,,,1
0xa972415a96ba6fd7373f0ab326d7be2773f253f2c8bceb6d3a3f67300b23c13d,51,0xf9f8bcc98e906945f71f9c45c044f73ee571ecfe8091b8d70682c480266d0d8b,6895624,6742138,185275,,,1
0x5cb8ba636a00ef54875cb2e0251e25dd45480a87c59d2ca3a5bdf8d350886778,52,0xf9f8bcc98e906945f71f9c45c044f73ee571ecfe8091b8d70682c480266d0d8b,6895624,7035821,293683,,,1
0x61602ceb6bdffa1ec133dbd2eb4ca8e5b9223e9c0f8991a767dc2eb37934e02a,53,0xf9f8bcc98e906945f71f9c45c044f73ee571ecfe8091b8d70682c480266d0d8b,6895624,7064559,28738,,,1
0xed3e98a94083df2c4ac561701f0fce23d4e65cff156a83962babba2efede071b,54,0xf9f8bcc98e906945f71f9c45c044f73ee571ecfe8091b8d70682c480266d0d8b,6895624,7108989,44430,,,1
0x1f8e0b4b1a9faeb965f03a5af3c9da9aacdc7d206dee3e0d9af94ff4ff660e3a,55,0xf9f8bcc98e906945f71f9c45c044f73ee571ecfe8091b8d70682c480266d0d8b,6895624,7153119,44130,,,1
0xaf9c027c82f785cf883f4f21e8f90d0ed0e4bbd505eb2d9e48aad424b3ab99cc,56,0xf9f8bcc98e906945f71f9c45c044f73ee571ecfe8091b8d70682c480266d0d8b,6895624,7406321,253202,,,1
0x2dcb55ec0b79cc630369df92aae514107d6a2fcc1117ea504e61433090eb3f42,57,0xf9f8bcc98e906945f71f9c45c044f73ee571ecfe8091b8d70682c480266d0d8b,6895624,7526836,120515,,,1
0x3915a3a501a65d9dcc4a6a2f4ac1144f6d22d218b07a3c364ef5744c2fe33773,58,0xf9f8bcc98e906945f71f9c45c044f73ee571ecfe8091b8d70682c480266d0d8b,6895624,7705849,179013,,,1
0xbc1d47e7e4fa7ed7d7ee0873136f68edfcfa2719fb5478eb4630583483a80809,59,0xf9f8bcc98e906945f71f9c45c044f73ee571ecfe8091b8d70682c480266d0d8b,6895624,7750279,44430,,,1
0x682f1cb0acb4f613c795449260aff44566da89cc9ae829a93b3d4b4cd469c28f,60,0xf9f8bcc98e906945f71f9c45c044f73ee571ecfe8091b8d70682c480266d0d8b,6895624,7794409,44130,,,1
0x8e94547eaa8af7af916ac90b1f5302891f733a1c28347b15c581ee1e767cecc4,61,0xf9f8bcc98e906945f71f9c45c044f73ee571ecfe8091b8d70682c480266d0d8b,6895624,7838815,44406,,,1
0xe446196d64676b3051efb8af73930961cb8a77341c0af455d60dd73a51df80a6,62,0xf9f8bcc98e906945f71f9c45c044f73ee571ecfe8091b8d70682c480266d0d8b,6895624,8030318,191503,,,1
0x94ddc8f1e2ad594f0fed9253d48d5bf1f77f6f5082ee1018a49f6a31c8e9df3c,63,0xf9f8bcc98e906945f71f9c45c044f73ee571ecfe8091b8d70682c480266d0d8b,6895624,8633455,603137,,,1
0xaa0c4fdc5cb7d40e9201ec8d5fc0727b9ad9fc8a667493542fc5dabb6960bdb6,64,0xf9f8bcc98e906945f71f9c45c044f73ee571ecfe8091b8d70682c480266d0d8b,6895624,8792931,159476,,,1
0x6b101799abe2affcf8c28ecc759bb2b3a6de0fa8a9b54c23fd51616ef5676204,65,0xf9f8bcc98e906945f71f9c45c044f73ee571ecfe8091b8d70682c480266d0d8b,6895624,8816349,23418,,,1
0x942db7ef413960c3e6eca4a6498e79043f03d07f937548b5ced0703022915998,66,0xf9f8bcc98e906945f71f9c45c044f73ee571ecfe8091b8d70682c480266d0d8b,6895624,9436958,620609,,,0
0x470822502666722ef899f7803b50a1d9a7e700f76c82f64430520912b4ea2fc2,67,0xf9f8bcc98e906945f71f9c45c044f73ee571ecfe8091b8d70682c480266d0d8b,6895624,9581755,144797,,,1
0x086e3bc15c27f243673f60c894c5e08f7255e3836bf5b93f0647684dc56a237d,68,0xf9f8bcc98e906945f71f9c45c044f73ee571ecfe8091b8d70682c480266d0d8b,6895624,9702038,120283,,,1
0x79f9bb5215679af4e26ad6e517ad074b2a8085e6d3f8bc2de1b215193531ff46,69,0xf9f8bcc98e906945f71f9c45c044f73ee571ecfe8091b8d70682c480266d0d8b,6895624,9912468,210430,,,1
0x96e5bb22288b36d8805a5140720b050ad696a07dc571ab7397f7b74a038b7800,70,0xf9f8bcc98e906945f71f9c45c044f73ee571ecfe8091b8d70682c480266d0d8b,6895624,9956598,44130,,,1
0x06490eb79691f2cf76142d09592ed0b9daefc13b1d410c11d31b9fe55c5852d4,71,0xf9f8bcc98e906945f71f9c45c044f73ee571ecfe8091b8d70682c480266d0d8b,6895624,10153997,197399,,,1
0x97639f05cc1da903ecce32c363d5bc52202ac43618aea425edddf508c19eb5c0,72,0xf9f8bcc98e906945f71f9c45c044f73ee571ecfe8091b8d70682c480266d0d8b,6895624,10261617,107620,,,1
0xbfa3905eea893cca1c9b455fa469b326fea81cb9b142c249c6373dbfc52fd68c,73,0xf9f8bcc98e906945f71f9c45c044f73ee571ecfe8091b8d70682c480266d0d8b,6895624,10282617,21000,,,0
0x21f0eeb98b9bd33368e84c176cdf9b74fe2de4376580031a0c3542532f5e0c5c,74,0xf9f8bcc98e906945f71f9c45c044f73ee571ecfe8091b8d70682c480266d0d8b,6895624,11060995,778378,,,1
0xabc659ebda92b777b6a469f20cb2544460d145bb26a181b5a06f2f2d735af41d,75,0xf9f8bcc98e906945f71f9c45c044f73ee571ecfe8091b8d70682c480266d0d8b,6895624,11271455,210460,,,0
0x78bae84d1116c17167d403787c5fa6130f63f017cdeec05ff14b54a73e2dc2fd,76,0xf9f8bcc98e906945f71f9c45c044f73ee571ecfe8091b8d70682c480266d0d8b,6895624,11315585,44130,,,1
0xfc8234ecc92ba7c913333d49d34ef5475e6cb055e45740c7f80dfa1d987f58c1,77,0xf9f8bcc98e906945f71f9c45c044f73ee571ecfe8091b8d70682c480266d0d8b,6895624,11515191,199606,,,1
0x91738b88b1b01ed0323441c58f81174a6c6faa44d1f17d24ad391f369d9bfe05,78,0xf9f8bcc98e906945f71f9c45c044f73ee571ecfe8091b8d70682c480266d0d8b,6895624,11536191,21000,,,1
0xa37d95bfc45a1a774aa32fc07e2b13b5914414378b7ee23916671b4a0c887eeb,79,0xf9f8bcc98e906945f71f9c45c044f73ee571ecfe8091b8d70682c480266d0d8b,6895624,11712495,176304,,,1
0xc4c893b2cde0b950b3896b83e0438ee76197a1a4fd3fc14228ad3a2fafb039d5,80,0xf9f8bcc98e906945f71f9c45c044f73ee571ecfe8091b8d70682c480266d0d8b,6895624,11910181,197686,,,1
0xf0c359d1b2cd868bf416ab4321e7d66bdc40f9c51c1a91417bab775d2487e688,81,0xf9f8bcc98e906945f71f9c45c044f73ee571ecfe8091b8d70682c480266d0d8b,6895624,12118755,208574,,,1
0x115a5aa38681477983ef9adb0d447e0deb227a0a2e3c99c9ed24b914c9fe5f0a,82,0xf9f8bcc98e906945f71f9c45c044f73ee571ecfe8091b8d70682c480266d0d8b,6895624,12234155,115400,,,1
0xb9e44db8f0f19c5792604f6daee6bb1eb481b1ef62f1110e9e0f34c399aba7a9,83,0xf9f8bcc98e906945f71f9c45c044f73ee571ecfe8091b8d70682c480266d0d8b,6895624,12380255,146100,,,1
0xd56bd1e37fdcc1ee6ac17d7d3e4cc9e508e73591060858d46bfdda769bfc6ab8,84,0xf9f8bcc98e906945f71f9c45c044f73ee571ecfe8091b8d70682c480266d0d8b,6895624,12424618,44363,,,1
0xc4f78d7ce8dbb3fd317af719c8f2359638811c1e6d47a4080cd42dd2d15f83b7,85,0xf9f8bcc98e906945f71f9c45c044f73ee571ecfe8091b8d70682c480266d0d8b,6895624,12469048,44430,,,1
0x3d5c7b433598a385250842022de7e5192ec1d1f308545dd55fc89117b74f671d,86,0xf9f8bcc98e906945f71f9c45c044f73ee571ecfe8091b8d70682c480266d0d8b,6895624,12616773,147725,,,1
0x0799ce4aa338dc5c2f9395437a79fe21a2762f4cca64ae97146cf5811efced2d,87,0xf9f8bcc98e906945f71f9c45c044f73ee571ecfe8091b8d70682c480266d0d8b,6895624,12648071,31298,,,0
0xf3b3669f15a4f811d262e913cb3a4523511fca3c842bcb7197d50f9f0ead66f3,88,0xf9f8bcc98e906945f71f9c45c044f73ee571ecfe8091b8d70682c480266d0d8b,6895624,12692523,44452,,,1
0x6cc2fb972eb584685c3119925883ea4c32594adc2a9c110114ddf16a9c242ee2,89,0xf9f8bcc98e906945f71f9c45c044f73ee571ecfe8091b8d70682c480266d0d8b,6895624,12818395,125872,,,1
0x8837f973c559e4d15c773bd22c3c2ec59a53df99ab439ff8760ca2477bad5d0d,90,0xf9f8bcc98e906945f71f9c45c044f73ee571ecfe8091b8d70682c480266d0d8b,6895624,12839546,21151,,,1
0x41c9b05ff61063ecc22bdbaa301fe915e43387b7e0715bd098614128beb0e32a,91,0xf9f8bcc98e906945f71f9c45c044f73ee571ecfe8091b8d70682c480266d0d8b,6895624,13018434,178888,,,1
0x64684e2b89baccd783a93cb4cf8c80b62b1a7824f6390fe569717ec45061b5be,92,0xf9f8bcc98e906945f71f9c45c044f73ee571ecfe8091b8d70682c480266d0d8b,6895624,13062886,44452,,,1
0x7f834170a4ba8db172ac647be1f70cef4a3af52e045a3ddd281e7a042579a9e8,93,0xf9f8bcc98e906945f71f9c45c044f73ee571ecfe8091b8d70682c480266d0d8b,6895624,13077420,14534,,,1
0x073e9bf403419d4e2b7ac9dbd58f1d1af1568e5c3c42c3195651899e071f9da4,94,0xf9f8bcc98e906945f71f9c45c044f73ee571ecfe8091b8d70682c480266d0d8b,6895624,13201727,124307,,,1
0x9f4789fdb7174e622da3139b13e1bd33442aca1d607889613b926daa7cfd3b7d,95,0xf9f8bcc98e906945f71f9c45c044f73ee571ecfe8091b8d70682c480266d0d8b,6895624,13232976,31249,,,0
0x981c94c6aa08b6478f91759d7425e1645f96cb2ec0add4dafbcd45304c82c0be,96,0xf9f8bcc98e906945f71f9c45c044f73ee571ecfe8091b8d70682c480266d0d8b,6895624,13345081,112105,,,1
0xaf637315917c2fab81a108f6dda0149cd33324cd9f9d9b6577e55d8c058b07c2,97,0xf9f8bcc98e906945f71f9c45c044f73ee571ecfe8091b8d70682c480266d0d8b,6895624,13389629,44548,,,1
0xb3bf50cce6fb5883b830d8bf1299d13e19d43e5bdd7707013f56aae3a4b66753,98,0xf9f8bcc98e906945f71f9c45c044f73ee571ecfe8091b8d70682c480266d0d8b,6895624,13422332,32703,,,1
0x9b5ccdbc5160d774387ef314a165a22dfd2919ba54923dde4ae5fe90095d8a02,99,0xf9f8bcc98e906945f71f9c45c044f73ee571ecfe8091b8d70682c480266d0d8b,6895624,13584302,161970,,,1
0xc40130b4b2cc203ec381580baad9faef19bb9fd7892646ae353b964918699b84,100,0xf9f8bcc98e906945f71f9c45c044f73ee571ecfe8091b8d70682c480266d0d8b,6895624,13598825,14523,,,1
0xaba87b4521f0f4826261c1823f84b42c54866ad743a8eab9614fe6e99841cf81,101,0xf9f8bcc98e906945f71f9c45c044f73ee571ecfe8091b8d70682c480266d0d8b,6895624,13643782,44957,,,1
0x61290a9d25d20308a016160c7fefe4d7ffed592858a21466bdab6ed8cacc7949,102,0xf9f8bcc98e906945f71f9c45c044f73ee571ecfe8091b8d70682c480266d0d8b,6895624,13688285,44503,,,1
0x19f3be546f978e359a7bc661ef7b0dae09cade57486b2b2ca26c51cf95df7f58,103,0xf9f8bcc98e906945f71f9c45c044f73ee571ecfe8091b8d70682c480266d0d8b,6895624,13732691,44406,,,1
0x12ca9afd5705f4d12a50cfe3511110972e47d46792e3e1e77d15b272425771ac,104,0xf9f8bcc98e906945f71f9c45c044f73ee571ecfe8091b8d70682c480266d0d8b,6895624,13894443,161752,,,1
0x3e5da35cf41a4f6011bfae56fd2e3870eff9a2a203c53cb904eeb247840ed67a,105,0xf9f8bcc98e906945f71f9c45c044f73ee571ecfe8091b8d70682c480266d0d8b,6895624,14068979,174536,,,1
0x8913973093ed9014e3d6a2fdf0589f2f2fcfe973f1d64445238ae1f1145e9bab,106,0xf9f8bcc98e906945f71f9c45c044f73ee571ecfe8091b8d70682c480266d0d8b,6895624,14202226,133247,,,1
0x6356994fd834554ab246982bbc1940302f9b9159450c0a8cbc56938696f19007,107,0xf9f8bcc98e906945f71f9c45c044f73ee571ecfe8091b8d70682c480266d0d8b,6895624,14362844,160618,,,1
0x2fb8618da5facffe5f0a60acccffce7770732ea3d7add0352e4d783a581badac,108,0xf9f8bcc98e906945f71f9c45c044f73ee571ecfe8091b8d70682c480266d0d8b,6895624,14561168,198324,,,1
0x50f0fbab1098a99f223d191c2b1426a22055d273944d6c40812f5026df21fd7c,109,0xf9f8bcc98e906945f71f9c45c044f73ee571ecfe8091b8d70682c480266d0d8b,6895624,14800252,239084,,,1
0xd419c45bc37c03c588924f78488b6ec55e2110568b42914033408fe46c81d26f,110,0xf9f8bcc98e906945f71f9c45c044f73ee571ecfe8091b8d70682c480266d0d8b,6895624,15443884,643632,,,1
0xd6adccb9728f6a81b17ecc13c66c86aad4e8500ec946c8c3e045415c5367c7ef,111,0xf9f8bcc98e906945f71f9c45c044f73ee571ecfe8091b8d70682c480266d0d8b,6895624,16055917,612033,,,1
0x52d0a5c7a5ab0819f676cdc92b9dae6a8239e7e34b0d7b56c06ca48051649884,112,0xf9f8bcc98e906945f71f9c45c044f73ee571ecfe8091b8d70682c480266d0d8b,6895624,16672983,617066,,,1
0x85d1fb72b93c9049e3e8a3f1a85aa181906ebc5967ee43a101236501c8d36856,113,0xf9f8bcc98e906945f71f9c45c044f73ee571ecfe8091b8d70682c480266d0d8b,6895624,16717113,44130,,,1
0xaa0da60af3b97a2d0e96df32f11ec17d218d7a013ffbfa4efca9bf3f18dc4a31,114,0xf9f8bcc98e906945f71f9c45c044f73ee571ecfe8091b8d70682c480266d0d8b,6895624,16851169,134056,,,1
0x3f9df41a77dd9fb4f16cf040d3171449ff86b9930505630640ee21b49719afa9,115,0xf9f8bcc98e906945f71f9c45c044f73ee571ecfe8091b8d70682c480266d0d8b,6895624,17023891,172722,,,1
0xc063ad239b86b7f257b236e465152f47498e9e5a8e42b4e26aa209b3efad01aa,116,0xf9f8bcc98e906945f71f9c45c044f73ee571ecfe8091b8d70682c480266d0d8b,6895624,17163198,139307,,,1
0xe73bb4bdc591f8b8c0045dffb63cd1e37b0bf7d2a33d61fdca45e1a4655934fd,117,0xf9f8bcc98e906945f71f9c45c044f73ee571ecfe8091b8d70682c480266d0d8b,6895624,17267055,103857,,,0
0xf6ee87ef4e9355d181850fffa468596b812eddc63f3230f0f73ca4f9cd2ed640,118,0xf9f8bcc98e906945f71f9c45c044f73ee571ecfe8091b8d70682c480266d0d8b,6895624,17311461,44406,,,1
0x405b899da313a30632fb71544112ff6740fb946f42923bfe0edb5c751fb9dcd1,119,0xf9f8bcc98e906945f71f9c45c044f73ee571ecfe8091b8d70682c480266d0d8b,6895624,17517514,206053,,,1
0x126801251e02b55211aa68d8e2e9d068b6e426d4001e64ee15b87b8b37ac3e35,120,0xf9f8bcc98e906945f71f9c45c044f73ee571ecfe8091b8d70682c480266d0d8b,6895624,17561845,44331,,,1
0x4e0398c44fceea9f3998e0588c139d4c6369093363289853fe305c9544cdadca,121,0xf9f8bcc98e906945f71f9c45c044f73ee571ecfe8091b8d70682c480266d0d8b,6895624,17576368,14523,,,1
0x4eae02e4ed943040cf482575e2dec6687c0f897da7232ef9631d4a0700536db8,122,0xf9f8bcc98e906945f71f9c45c044f73ee571ecfe8091b8d70682c480266d0d8b,6895624,17751895,175527,,,1
0x384ce6ae12a5a97991b984ace968e3b87ed84b810cab4c7b36ad74cd5d4a7996,123,0xf9f8bcc98e906945f71f9c45c044f73ee571ecfe8091b8d70682c480266d0d8b,6895624,17864962,113067,,,1
0xa254db01a1fbfd241223430d237847b05e8df715c56ac6764b99262654f0fa71,124,0xf9f8bcc98e906945f71f9c45c044f73ee571ecfe8091b8d70682c480266d0d8b,6895624,18099491,234529,,,1
0x5e7b03ed7a6e5b678a1c7ab79ad5c4c54a9dd2673c8916280c96db92e6c78329,125,0xf9f8bcc98e906945f71f9c45c044f73ee571ecfe8091b8d70682c480266d0d8b,6895624,18143872,44381,,,1
0x7f0fe1d3967d2b76d4493b8ef3d97aec5c944c061958b28b26d545396705b08e,126,0xf9f8bcc98e906945f71f9c45c044f73ee571ecfe8091b8d70682c480266d0d8b,6895624,18258263,114391,,,1
0xea51467653b52c57715bd7536ee6fcca2e6065cfe81c49ce5dfd3c600b6988fc,127,0xf9f8bcc98e906945f71f9c45c044f73ee571ecfe8091b8d70682c480266d0d8b,6895624,18397570,139307,,,1
0xbfcf512811b2d0bdd9f2cf7810ccac56b1035fa55fa5cd411214cc8f52ffd35c,128,0xf9f8bcc98e906945f71f9c45c044f73ee571ecfe8091b8d70682c480266d0d8b,6895624,18578301,180731,,,1
0x2478cca66c10e7db794d678cbd32d4d4a2955664064d38bcafbb26a9d8287243,129,0xf9f8bcc98e906945f71f9c45c044f73ee571ecfe8091b8d70682c480266d0d8b,6895624,18693027,114726,,,1
0xae0d86a9b5b2292862e3a3724ce77198c5705f7de4fa39b008e6a6f349e91014,130,0xf9f8bcc98e906945f71f9c45c044f73ee571ecfe8091b8d70682c480266d0d8b,6895624,18737157,44130,,,1
0xf56636c355ab9c58edb6a42bcdefdeba1950046c599b255339050b0b8e1c7384,131,0xf9f8bcc98e906945f71f9c45c044f73ee571ecfe8091b8d70682c480266d0d8b,6895624,18869882,132725,,,1
0x4df52347bc33568fe6da0fe5b34425bc062fb0e77b2bcd0b6e7bd5162eedb061,132,0xf9f8bcc98e906945f71f9c45c044f73ee571ecfe8091b8d70682c480266d0d8b,6895624,18884393,14511,,,1
0x98ca5fb1671654c76096164bd4ce0bcccbf88573e43d0f028f0689d308d67e96,133,0xf9f8bcc98e906945f71f9c45c044f73ee571ecfe8091b8d70682c480266d0d8b,6895624,18992981,108588,,,1
0xf2404ba43295101d3ea22c77a3f980e2a4b0c6920b1af76c342d0eeae3b17c59,134,0xf9f8bcc98e906945f71f9c45c044f73ee571ecfe8091b8d70682c480266d0d8b,6895624,19037111,44130,,,1
0x9e10a54a10444085ed5e014865da3bbd6d3239cfc200ed0c116696d042e61732,135,0xf9f8bcc98e906945f71f9c45c044f73ee571ecfe8091b8d70682c480266d0d8b,6895624,19081428,44317,,,1
0xd09d10f1b55a6983540f81d25a981e0114da059aec06d99e6f6558d0b2a5c487,136,0xf9f8bcc98e906945f71f9c45c044f73ee571ecfe8091b8d70682c480266d0d8b,6895624,19290309,208881,,,1
0xb128bcdfe7a8d68d124fbab0ca6dcbf978c81daff04b511dbbb2cde04b88d704,137,0xf9f8bcc98e906945f71f9c45c044f73ee571ecfe8091b8d70682c480266d0d8b,6895624,19400799,110490,,,1
0xdd89f212bf80b8872f1621e1dcc164a48b1a8b0ffc5a6feec88e40c9335428b2,138,0xf9f8bcc98e906945f71f9c45c044f73ee571ecfe8091b8d70682c480266d0d8b,6895624,19570705,169906,,,1
0xa724e0718e635cb33d08515d1a6bfb0720f93f389ed22dc640f4262d109ab72d,139,0xf9f8bcc98e906945f71f9c45c044f73ee571ecfe8091b8d70682c480266d0d8b,6895624,19871812,301107,,,1
