address,symbol,name,decimals,total_supply,block_number
0xc4b790e1d5f0c3d8aa526f0a8098ed2a1ff0886a,420x,420x,9,1000000000000000000000000,
0x78650b139471520656b9e7aa7a5e9276814a38e9,BTCST,StandardBTCHashrateToken,17,1500000000000000000000000,
0xbb4cdb9cbd36b01bd1cbaebf2de08d9173bc095c,WBNB,Wrapped BNB,18,6663055595860070353448756,
0xcbb09097d442f267f0780064a082ac06d947311f,OFOX,OrangeFox,8,99942681676444881574,
0xa8fcee78b782ef97380326e90df80d72f025f020,TACOCAT,TacoCat,9,1000000000000000000000,
0x603c7f932ed1fc6575303d8fb018fdcbb0f39a95,BANANA,ApeSwapFinance Banana,18,33582848069989021057319452,
0xa7f552078dcc247c2684336020c03648500c6d9f,EPS,Ellipsis,18,316340007938065204531466399,
0xf65c1c0478efde3c19b49ecbe7acc57bb6b1d713,APE-LP,ApeSwapFinance LPs,18,398727635380260000083159,
0x9c65ab58d8d978db963e63f2bfb7121627e3a739,MDX,MDX Token,18,97308714982612357384885504,
0x0d8ce2a99bb6e3b7db580ed848240e4a0f9ae153,FIL,Filecoin,18,1049999999926705453635132,
0x55d398326f99059ff775485246999027b3197955,USDT,Tether USD,18,2979997922178664111664612760,
0x2cd1075682b0fccaadd0ca629e138e64015ba11c,Ï„BTC,Ï„Bitcoin,9,1818080109369,
0xf7844cb890f4c339c497aeab599abdc3c874b67a,NFTART,NFTArt.Finance,9,100000000000000000000000000,
0xe9e7cea3dedca5984780bafc599bd69add087d56,BUSD,BUSD Token,18,4200999999996203280118545633,
0x8afedcc3a846ea74faaf11a797a1dc3755aa8a7b,PANDAO,PanDao,9,1000000000000000000000000,
0xcc42724c6683b7e57334c4e856f4c9965ed682bd,MATIC,Matic Token,18,2000000000000000000000000000,
0xab844d316b5a5093b7e7edde11cc08becca36d1c,ANUBI,AnubiCoin,9,100000000000000000000000000,
0xf317932ee2c30fa5d0e14416775977801734812d,DINO,Dino Token,18,200000000000000000000000000,
0xc5e6689c9c8b02be7c49912ef19e79cf24977f03,ALPA,AlpaToken,18,6192536306517317018296975,
0x1bd7df20ae5e884c61b7017fac557e82cca6baee,HONEY,HONEY,18,1481118377701961211183697,
0x0000000000004946c0e9f43f4dee607b0ef1fa1c,CHI,Chi Gastoken by 1inch,0,44466004,
0xa997e5aaae60987eb0b59a336dce6b158b113100,SNN,SeChain,3,36000000000000,
0x2170ed0880ac9a755fd29b2688956bd959f933f8,ETH,Ethereum Token,18,1304999999998559533938826,
0xce5814efff15d53efd8025b9f2006d4d7d640b9b,MOONSTAR,MoonStar,9,1000000000000000000000000,
0xe12840d453922d734619042795ea3803c29221c4,DOGETRAIN,DTRAIN,18,1000000000000000000000000000000,
0xa5360c2070faecfc231fd6bd743fe88382f2991d,SAFELIGHT,SafeLight,9,1000000000000000000000000,
0x8076c74c5e3f5852037f31ff0093eeb8c8add8d3,SAFEMOON,SafeMoon,9,1000000000000000000000000,
0x8ac76a51cc950d9822d68b83fe1ad97b32cd580d,USDC,USD Coin,18,1778999999999999997504281044,
0x0e09fabb73bd3ade0a17ecc321fd13a19e81ce82,Cake,PancakeSwap Token,18,300469771263200716971203871,
0xc9849e6fdb743d08faee3e34dd2d1bc69ea11a51,BUNNY,Bunny Token,18,9631996365944508423220314,
0x71de20e0c4616e7fcbfdd3f875d568492cbe4739,SWINGBY,SWINGBY token,18,1000000000000000000000000000,
0xee738a9e5fb78c24d26cecd30389ed977c38d0ca,FSAFE,Fair Safe,9,1000000000000000000000000,
0x5a3010d4d8d3b5fb49f8b6e57fb9e48063f16700,BSCPAD,BSCPAD.com,18,175600000000000000000000000,
0x23396cf899ca06c4472205fc903bdb4de249d6fc,UST,Wrapped UST Token,18,79180646486826733821544594,
0xa3bfbbad526c6b856b1fdf73f99bcd894761fbf3,Cake-LP,Pancake LPs,18,23344524272165809496926,
0x95afdae61c17af09b5d484b63d7e421d7b743313,ROO,kangaroos.finance,8,89150062283452511677,
0x62d71b23bf15218c7d2d7e48dbbd9e9c650b173f,mGOOGL,Wrapped Mirror GOOGL Token,18,624681627047499633692,
0x557dd6700e66818af340cce17fd4508ced81fbc1,PAPEL,Papel,9,1000000000000000000000000,
0x6f695bd5ffd25149176629f8491a5099426ce7a7,sALPACA,Stronk Alpaca,18,29485393799085549468484327,
0x8f0528ce5ef7b51152a59745befdd91d97091d2f,ALPACA,AlpacaToken,18,108699098471663743978927735,
0x13321acff4a27f3d2bca64b8beac6e5fdaaaf12c,Cake-LP,Pancake LPs,18,199738786953928505785251,
0x7b2124de75c7dc1ef61ee666b6b5e9d8506105e5,LAMBO,LamboToken,9,1000000000000000000000000,
0x0feadcc3824e7f3c12f40e324a60c23ca51627fc,Warden,WardenSwap Token,18,30203708956161015547850026,
0x4925ebaa523b2c2f66f980c7b8bb68207622bc3f,mooCakeV2WATCH-BNB,Moo CakeV2 WATCH-BNB,18,35203895914008843562725,
0x2a9718deff471f3bb91fa0eceab14154f150a385,ElonGate,ElonGate,9,1000000000000000000000000,
0xf0c9ec50a012e265e3d834eeb18bcbc6a5034258,CHEESE,MouseSwap Token,18,4167240011022067205292702485964104,
0x984d3e9906ef5f3e44576140cd0cf649ba1befa8,MOFI,Mofi Finance,18,1736539253310177477240860,
0xbe8183612f145986a41ad8e8fcfefed1c2f9deba,MBUD,Moon Bud,9,943172444194578205,
0x74fa517715c4ec65ef01d55ad5335f90dce7cc87,Cake-LP,Pancake LPs,18,89485867189458111606350,
0x12e34cdf6a031a10fe241864c32fb03a4fdad739,FREE,FREE coin BSC,18,9999999996588000000000000000000,
0xba8a6ef5f15ed18e7184f44a775060a6bf91d8d0,SHAKE,SHAKE token by SpaceSwap v2,18,195000000000000000000,
0x6fc015dc3283369125cc31907eef990b8f67a7a1,MCF,Moon Chain,0,859999999996000000,
0x7bb89460599dbf32ee3aa50798bbceae2a5f7f6a,Cake-LP,Pancake LPs,18,228158407958734455495805,
0x0e690ee6fcc26bc09fed2d2287268c23d4a81e42,SHILD,Shield Network,18,1000000000000000000000000000000,
0x009cf7bc57584b7998236eff51b98a168dcea9b0,SYRUP,SyrupBar Token,18,210494460306333376126716423,
0x9a319b959e33369c5eaa494a770117ee3e585318,HYFI,HYFI,18,63835477077409694332158552,
0x5486a0371c25c213c2c46a29f2a5a82c8190d97b,fUSDT,fTether USD,18,5341612907776868052573528,
0x97300a4f628701672096460b5469c41a8d3ecb1a,1TRC,1Tronic Network,18,21000000000000000000000000,
0xf581a06ac3735e4d0cb90b6adcb4ff2b8c7f1b74,DMYTE,DynamiteToken,9,100000000000000000000,
0x9c9d4302a1a550b446401e56000f76bc761c3a33,GLASS,OurGlass,9,1000000000000000000000000,
0xf09b7b6ba6dab7cccc3ae477a174b164c39f4c66,MOONPIRATE,Moonpirate,9,100000000000000000000000000,
0x0ed7e52944161450477ee417de9cd3a859b14fd0,Cake-LP,Pancake LPs,18,4922434399078030173328532,
0xef2ec90e0b8d4cdfdb090989ea1bc663f0d680bf,ORFANO,Orfano,9,1000000000000000000000000,
0xdbaaa36b347d56b77ce0e36f050fceebbf9fbc38,SPE,SavePlanetEarth,9,1000000000000000000000000,
0xa1928c0d8f83c0bfb7ebe51b412b1fd29a277893,SAT,Satisfi Token,18,342792892179364554702478,
0xdd2ff3ce93c7161e5eb5c8f5d3163a8c49b70659,DARKMOON,DarkMoon,9,1000000000000000000000000,
0xb6eb654fbdc697edd73174a19b074bc67c00a0c0,acsCake,ACryptoS PancakeSwap Token,18,440259761939433031891753,
0x86bbc9838c3370e0fd570b4ee8087f5aca299977,BB,BlackBerry Token,0,100000000000000,
0x7e5d52c3335c91af0da392bea4bb9e43f2aba62c,Sheesh,Sheesh it is bussin bussin,18,420420696000000000000000000,
0x2d69c55baecefc6ec815239da0a985747b50db6e,TFF,Tutti Frutti,18,949500176230311618096249575,
0x60ea5168f2cd89a698596a0cab79e9869ec9f21b,FULLSUN,FullSun https://t.me/FullSunBSC,9,25000000000000000,
0x3ad9594151886ce8538c1ff615efa2385a8c3a88,SAFEMARS,SafeMars,9,1000000000000000000000000,
0x68590a47578e5060a29fd99654f4556dbfa05d10,SMRAT,Secured MoonRat Token,9,1000000000000000000000000,
0xa081c40cd24fd2f1bd378eced937a009bf5f358f,ELPH,Elephants.Finance,9,1000000000000000000000,
0x6d949f9297a522c0f97c232cc209a67bd7cfa471,MRAT,Moon Rat Token,9,1000000000000000000000000,
0xf0a0913ba2b173c1fbca1c1b2fcfc0e3678f66a9,BFIC,BFIcoin,8,510010000000000,
0x0924aded71558cc815e471dda62584664158c7f3,JACK,CACTU$ JACK,18,21261591862000000077000000,
0xf369077bf442fc9dbfd0cc80159c3d507e359654,KETCH,Ketchup Token,18,2137995346728441737969111,
0x812ff2420ec87eb40da80a596f14756acf98dacc,HUNGRY,HUNGRY BEAR,8,86624345829126124589473,
0x7979f6c54eba05e18ded44c4f986f49a5de551c2,KEBAB,Kebab Token,18,3899931154771685914323325,
0xf8a0bf9cf54bb92f17374d9e9a321e6a111a51bd,LINK,ChainLink Token,18,8500000000000000000000000,
0x650b940a1033b8a1b1873f78730fcfc73ec11f1f,vLINK,Venus LINK,8,8571679884548873,
0x111111111117dc0aa78b770fa6a738034120c302,1INCH,1INCH Token,18,24999999999999999999999999,
0xcfefa64b0ddd611b125157c41cd3827f2e8e8615,KPAD,KickPad,18,203768315000000000000000000,
0x47b80b600d5e4d2a6c2e1bda0e2d460ef6689850,AUT,AutCoin,9,1000000000000000000000000,
0x1ff2a2c2deadb17b6ba9949393d1406f4c61bfc9,VCEGG,VANCAT Egg Token,0,10000000,
0x23481f4d3ac4642d2f45d014a514b45b0338b927,ULK,Ulink Finance,0,156953087406668433326571213166380800,
0x161afe47561cfcf9603ef67c44de95114e78d33f,acsLINK,ACryptoS ChainLink Token,18,178037577110102175264034,
0x5e74094cd416f55179dbd0e45b1a8ed030e396a1,PLT,Pancake Lottery Ticket,,2177207,
0x375483cfa7fc18f6b455e005d835a8335fbdbb1f,ECP,Eclipse,9,1000000000000000000000000,
0xa6d4ed4cd70a1d4324cae0cce1d1295ac24451b7,SafeJesus,SafeJesus,9,5000000000000000000,
0xa527a61703d82139f8a06bc30097cc9caa2df5a6,Cake-LP,Pancake LPs,18,40330928475022311999308,
0x9730c791743300e9f984c9264395ce705a55da7c,Cake-LP,Pancake LPs,18,678008565297325155124573,
0x7c63f96feafacd84e75a594c00fac3693386fbf0,ASS,Australian Shepherd Token,9,10000000000000000000000000,
0x6f769e65c14ebd1f68817f5f1dcdb61cfa2d6f7e,ARPA,ARPA Token,18,130000000000000000000000000,
0x87c182edb12f74d561519ab586205fe6cd75363a,Cake-LP,Pancake LPs,18,215057046351951786687389,
0x787732f27d18495494cea3792ed7946bbcff8db2,MASH,MarshmallowDeFi Token,18,1196012634313572761699811,
0xb27adaffb9fea1801459a1a81b17218288c097cc,POOCOIN,PooCoin,8,579451083162955,
0xa184088a740c695e156f91f5cc086a06bb78b827,AUTO,AUTOv2,18,39899269385227933410924,
0xb3225ac90b741f762beca76dea1ead278ef26a96,LOF,LonelyFans,9,1000000000000000000000000,
0x0c5da0f07962dd0256c079248633f2b43cad6f62,Cake-LP,Pancake LPs,18,280477014251379388,
0x42f6f551ae042cbe50c739158b4f0cac0edb9096,NRV,Nerve,18,71320044533048950052644226,
0x47bead2563dcbf3bf2c9407fea4dc236faba485a,SXP,Swipe,18,289714926000000000000000000,
0xe482249cd295c0d1e9d2baaee71e66de21024c68,Cake-LP,Pancake LPs,18,138272065521171308460469,
0xdcd289ecf644bec54393ba6ce8db35e9b5ff75e7,FLUNAR,FairLunar,9,1000000000000000000000000,
0x2ff3d0f6990a40261c66e1ff2017acbc282eb6d0,vSXP,Venus SXP,8,376686450866342427,
0x430290c7250affe0cb87442907f7edffff98c2c2,GBERN,BernCoin,0,10000000000,
0x182c763a4b2fbd18c9b5f2d18102a0ddd9d5df26,HOGL,HOGL Finance,18,1000000000000000000000000000000,
0x81919f10a6a830a415352cd20d28d2bfccee8baa,Cake-LP,Pancake LPs,18,4228865468524786468924,
0x7bb362962f2a4e2089466c79566572b37cfc5d78,BAFE,Bafe.io,9,1000000000000000000000000,
0xe4ae305ebe1abe663f261bc00534067c80ad677c,SPARTA,SPARTAN PROTOCOL TOKEN,18,47927284430375491616176582,
0x6158b3435dc3bc54a19a32da2a2ed22aec3bef3e,bShiba,bscShiba,9,1000000000000000000000000,
0xa042d20abe198e516d885da52a633b6d44f339b9,MUST,MustangToken,9,1000000000000000000000000,
0x7f4c9aa2000bd06272ca2355f6ae45b3ecead887,blsBDO,bLending sBDO,8,3957699204147,
0x4bd17003473389a42daf6a0a729f6fdb328bbbd7,VAI,VAI Stablecoin,18,121030410206688367093433434,
0x2403562a513cfe47e2e273c08019a5b17ad57c04,POOPDOLLAR,POOPDOLLAR,18,42469386000000000000000000,
0x1f82a9b541fe4c322b5cd81dcb066620d57de35c,DONK,Donkey King,9,1000000000000000000000000,
0x81c9b6d72d6196cfb8a8f4605cea554a05ea30ec,OCTO,OctoSwap,0,1000000000000000000000000,
0xe4ca1f75eca6214393fce1c1b316c237664eaa8e,ORN,Orion Protocol,8,100000000000000,
0x3504de9e61fdff2fc70f5cc8a6d1ee493434c1aa,TeslaSafe,TeslaSafe,9,1000000000000000000000000,
0xc12fb1d204f7eaed4fba2a4754937f93b05a5b13,SENORCHANG,SenorChang,9,1000000000000000000000000,
0x36c0556c2b15aed79f842675ff030782738ef9e8,BLUE,BlueToken,18,398323254721117207794744,
0x07af67b392b7a202fad8e0fbc64c34f33102165b,AQUAGOAT,Aquagoat,9,100000000000000000000000000,
0x4e8a9d0bf525d78fd9e0c88710099f227f6924cf,LUNAR,LunarHighway,9,1000000000000000000000000,
0xdc9a574b9b341d4a98ce29005b614e1e27430e74,Cake-LP,Pancake LPs,18,277041175698143550157526,
0xef4f66506aaaeeff6d10775ad6f994105d8f11b4,NEF,Nef,18,61581450869835352569185,
0x3c59e87e1a34c4cccbcefeba01e72307fb77c1ec,DOGO ,DOGO COIN,18,1000000000000000000000000000000000,
0xa1efce38cb265af369e891bc3026d0285545d4e5,SAFETESLA,SafeTesla,9,1000000000000000000000000,
0x3a6f79cecfa4fafbe7514d4d5fa85d3665939e89,PURPLE,Purple,18,1090746416186723394382053,
0x76693053e7047517ad823572d6b3b112fa4c24d8,EDOGE,Elons Doge,9,10000000000000000000000000000000,
0x05b339b0a346bf01f851dde47a5d485c34fe220c,NAUT,Astronaut,8,718080889165439,
0xcf6bb5389c92bdda8a3747ddb454cb7a64626c63,XVS,Venus,18,30000000000000000000000000,
0x151b1e2635a717bcdc836ecd6fbb62b674fe3e1d,vXVS,Venus XVS,8,19976915948974025,
0x670de9f45561a2d02f283248f65cbd26ead861c8,U92,Uranium U92,18,622622138625989817026551,
0x28d2e3bb1ec54a6ee8b3bee612f03a85d3ec0c0c,U235,Uranium share token U235,18,128197135056054599349324,
0x42539f50c5f8a0c929e7895eb265391f58b22a19,PSWAP,PorkSwap.finance,18,1000000000000000000000000,
0xfa90d5d5ff08d9a06c9fdf89b4b22217b9dbc418,NIU,Niubi Token,18,19936627194596305013628160,
0x1ce5bf823caa2eb0dc1ae452c27c14934c8c82a8,Cake-LP,Pancake LPs,18,3135337864984741375569,
0x52e22d2480bc39f4ab13d4788014aec3195bbcf7,SafeBankToken,SafeBank DIGITAL,18,1000000000000000000000000000000000,
0xac51066d7bec65dc4589368da368b212745d63e8,ALICE,ALICE,6,8000000000000,
0xd3a3a69c575d81ce8e7cf1298ce760055a5669c1,BNFY,B Non-Fungible Yearn,18,100000000000000000000000,
0x9001ee054f1692fef3a48330cb543b6fec6287eb,STEEL,IRON Share V2,18,47666574086087757423150740,
0x7083609fce4d1d8dc0c979aab8c869ea2c873402,DOT,Polkadot Token,18,10999999999998596681939293,
0x7869044d36ea75975b793ca4312608cc3817895b,SENSI,Sensible.Finance,9,238513155067900089318144,
0x1610bc33319e9398de5f57b33a5b184c806ad217,vDOT,Venus DOT,8,9995451647036863,
0xc0eff7749b125444953ef89682201fb8c6a917cd,HZN,Horizon Protocol,18,100000000000000000000000000,
0x71f3ed37567e013f8294aa0c6c1c92332d2944f3,CAROM,Carillonium,9,1000000000000000000000000,
0x7f51e675e0225ce923a00b2054566d2fdb7854a1,NFTFACEBOOK,NFTFacebook,18,1000000000000000000000000000000000,
0x0cf011a946f23a03ceff92a4632d5f9288c6c70d,NCAT,Nyan Cat Token,9,1000000000000000000000000,
0x3ba5aee47bb7eae40eb3d06124a74eb89da8ffd2,Rocket,,18,1000000000000000000000000000,
0x380624a4a7e69db1ca07deecf764025fc224d056,SAFEBTC,SafeBTC,9,1000000000000000000000000,
0xe1d1f66215998786110ba0102ef558b22224c016,HOO,HooToken,8,10000000000000000,
0x3e42c1f7239231e3752b507764445dd8e6a570d5,Cake-LP,Pancake LPs,18,25584915040674629810,
0x4338665cbb7b2485a8855a139b75d5e34ab0db94,LTC,Litecoin Token,18,595000000000000000000000,
0x1d2f0da169ceb9fc7b3144628db156f3f6c60dbe,XRP,XRP Token,18,207000000000000000000000000,
0x622a1297057ea233287ce77bdbf2ab4e63609f23,$SUPDOG,SUPERDOGE,9,930908345236967837,
0xa7a0b605343df36b748ff4b5f7578b3f2d0651ce,Cake-LP,Pancake LPs,18,212835640779332200722933,
0x2354ef4df11afacb85a5c7f98b624072eccddbb1,Cake-LP,Pancake LPs,18,33181963309516428573466859,
0x72eb1afddb5652e0f5c7b9a6cc1c3241348b16c6,PIZZA,SafePizza,9,100000000000000000000000000,
0x547cbe0f0c25085e7015aa6939b28402eb0ccdac,XBN,Elastic BNB,18,6500000000000000000000000,
0xd7b729ef857aa773f47d37088a1181bb3fbf0099,BOG,Bogged Finance,18,2388999999996271529778825,
0x579a6277a6c2c63a5b25006f63bce5dc8d9c25e7,BGO,Bingo Cash,18,908008905325841369655403,
0x904d7ac5d005d16dbdc69f713d029e3c1800f8ca,MDAO,Martian DAO,9,1000000000000000000000000,
0xc5a49b4cbe004b6fd55b30ba1de6ac360ff9765d,SWAMP,Swampy,18,397843176295475681488460,
0x2e291e1c9f85a86d0c58ae15621aac005a8b2ead,ZEP,Zeppelin.dao,9,1000000000000000000000000,
0x0321394309cad7e0e424650844c3ab3b659315d3,XBC,XBN Community Token,9,1000000000000000000000000,
0x44754455564474a89358b2c2265883df993b12f0,ZEE,ZeroSwapToken,18,17696264426749253411796101,
0xe361344013cc906c56bba111bde00c421852c73b,MBS,MoonBoys,9,1000000000000000000000000,
0x5e90253fbae4dab78aa351f4e6fed08a64ab5590,BONFIRE,Bonfire,9,1000000000000000000000000,
0xdbe4cc36d0c19858d8cc7c5030593e9922ac680d,DEFY,DefyCoin,8,1205934,
0x01765ac81ce50cd640cd0f4abe061b14884632d7,APE-LP,ApeSwapFinance LPs,18,707743148801757,
0x6b51231c43b1604815313801db5e9e614914d6e4,SAFEGALAXY,SafeGalaxy,9,1000000000000000000000000,
0x179701fd814f17838605c1990eda96c1ebec984e,mooNarwhalGOLD-BNB,Moo Narwhal GOLD-BNB,18,5580566190934368030,
0x8f4087cb09e0f378f4278a314c94a636665de24b,GOLD,NAR Ticket Token,18,186200281867155936132952,
0xbe2a26889ce30a1515055a192797083b1fde8844,STRIKE,STRIKE COIN,3,1000000000000,
0xe0e514c71282b6f4e823703a39374cf58dc3ea4f,BELT,BELT Token,18,2539380831299999999999978,
0x85c128ee1feeb39a59490c720a9c563554b51d33,KEY,MoMo KEY,18,114451219104308409796825,
0x3c44eaf8b4eaef6e48bfc18ee92412be0b395746,VOID,Void Token,18,5123464000628013705203,
0xf3bc6fc080ffcc30d93df48bfa2aa14b869554bb,Cake-LP,Pancake LPs,18,372722281554700576103591,
0x9c881401000397781c402e24746abcecf69e0c20,ironVDOLLAR,ValueDeFi.io IRON/vDOLLAR,18,189216769320519811980145,
0x903903a2aa2a222360d8f3c4a7205b933da60e95,NLP,Narwhalswap LP Token,18,598627670962542325987,
0x6334d757fda9326fa1fae7f9762485b722403cee,vDOLLAR,ValueDeFi.io vDOLLAR,18,599657922854879708436521,
0x0fc013e24ae732fcec9eb6bf8cae12782a56be7e,LAMA,LlamaSwap Token,18,1418486653658536585358261,
0x83cb33e78bf03fc07a6370e45a2c406222f0d410,AVENGEC,AvengerCoinCrypto,9,1000000000000000000000000,
0x25f6524c2bfa5eebcc50beafd08525e0786082cf,MARIO,MARIOBROS,9,1000000000000000000000000,
0x34ea3f7162e6f6ed16bd171267ec180fd5c848da,DND,DIAMOND,18,4943117343178732360823,
0x875eb20d2b0c806abee3a39459fafeef183784f4,MTS,MoonToSun,9,75000000000000000,
0xa1fc197aebb48308bc7c6534b902470ac62a1e66,SMF,Safe Moon Fast,9,1000000000000000000000000,
0x95bafd7d57e5c1ab99a87797136a9dbc187c3a02,Cake-LP,Pancake LPs,18,2169229960992499082,
0x1b4d910c90f7c0f177a29139328594df5e0603f9,BBN,BigBunny,9,10000000000000000000,
0xfc698dae6c5b7e38f8eb8fc240f23c598d17e5e2,acsSXP,ACryptoS Swipe,18,8804338319085513543058317,
0xc1800c29cf91954357cd0bf3f0accaada3d0109c,Cake-LP,Pancake LPs,18,1048072330203782017809,
0xa2e62d43b5340e269cad0a06d4813957bc56ca31,GME,GameToken,18,363079745858031808555342,
0xe40255c5d7fa7ceec5120408c78c787cecb4cfdb,SWGb,SWGb,18,40115387754480839465954296,
0x9a946c3cb16c08334b69ae249690c236ebd5583e,xBLZD,xBLZDToken,18,1603893673232711869442511,
0x468b2dc8dc75990ee3e9dc0648965ad6294e7914,Cake-LP,Pancake LPs,18,29889931837936959842914,
0xd73c11b7323236265898d41c03bd46b1c3357e72,BLIP,BlipByte,9,1000000000000000000000,
0x3c00f8fcc8791fa78daa4a480095ec7d475781e2,SAFESTAR,SafeStar,9,1000000000000000000000000,
0x31d0a7ada4d4c131eb612db48861211f63e57610,START,BSCstarter,18,1000000000000000000000000,
0x7cc46141ab1057b1928de5ad5ee78bb37efc4868,TNDR,Thunder Token,18,961158953577499269111036,
0xde34160affdf8402294c8e7c86880cbc3cc1766e,Thunder-LP,ThunderSwap LPs,18,32421964699976022707344,
0x0242c5c11e3eaeb53298b45c7395dbadc8a120e7,SLP,SwapLiquidity LP Token,18,1828955843460405203704294,
0x0f954e4b6fc09bf87528924527306b209f2b329d,Cake-LP,Pancake LPs,18,3275437590248614866,
0x1fe38769ed41fe7f47270c78d2f0507b508d06f0,HyMETEOR,HyperMeteor,18,1000000000000000000000000000000000,
0x09d6afb74e3a40b24425ee215fa367be971b4af3,IRONBUSD,IRON/BUSD Value LP,18,403297346356138021982317,
0x9f4da89774570e27170873befd139a79cb1a3da2,MDEX LP,MDEX LP Token,18,42242628926317006998653849,
0x7af173f350d916358af3e218bdf2178494beb748,TRADE,UniTrade,18,8221146851366081506709937,
0x97f4e15606cf335b7a6daec2ba02449fb5da69c6,VANCATDOG,VANCATDOG,0,999880006599780004949920800923992080049499780000659998800001,
0xf0b6e29c429bbb8e1448340f0776be933805344e,UEDC,United Emirate Decentralized Coin,18,20000000000000000000000000,
0x7275278c94b5e20708380561c4af98f38ddc6374,Cake-LP,Pancake LPs,18,87075148091114698883743,
0x86ef5e73edb2fea111909fe35afcc564572acc06,BANANASPLIT,BananaSplitBar Token,18,16677398320618002724948393,
0xe5c5923843ba152758773af7ea73c21793899135,SAFEFAIRMOON,SafeFairMoon,9,5000000000000000000,
0x1af3f329e8be154074d8769d1ffa4ee058b1dbc3,DAI,Dai Token,18,261999999999999008105332639,
0x331f4832e06bbe55ecf6c0edf835f288a202eace,HULK,HULK,18,66680000000000000000000000,
0x0e0e877894a101ad8711ae3a0194fa44ca837a79,MOONMOON,MoonMoon,9,1000000000000000000000000,
0x5a41f637c3f7553dba6ddc2d3ca92641096577ea,JulD,JulSwap,18,799383875350040218136052505,
0x050787de0cf5da03d9387b344334d51cae5dd0fd,PEKC,PEACOCKCOIN,9,100000000000000000000000000,
0xe8e8fbc6c0c95d6226f0b38be2b40380db9c91c1,BSCI,Bscience,18,171131100687219093108294,
0x299b00d031ba65ca3a22a8f7e8059dab0b072247,bfCake-LP,bFARM_Cake-LP,18,4289760562736806143,
0x135aedcfb35b0b5dcf61db7891a21253452eb970,Cake-LP,Pancake LPs,18,20884932722750802955951,
0x8e799cb0737525ceb8a6c6ad07f748535ff6377b,Cake-LP,Pancake LPs,18,111740173827889781849440,
0x0abd3e3502c15ec252f90f64341cba74a24fba06,SPACE,farm.space,18,18207403832514406797699214,
0x78d9a0c50f6484291b4122f61888bb9ee71879ff,Cake-LP,Pancake LPs,18,45737858247353970490801,
0xfad8e46123d7b4e77496491769c167ff894d2acb,FOX,FOX,9,1000000000000000000000000,
0x2090c8295769791ab7a3cf1cc6e0aa19f35e441a,Fuel,Fuel Token,18,116526469852943555571997,
0xd0f4afa85a667d27837e9c07c81169869c16dd16,bPRIVA,PRIVA,8,200000000000000,
0xc69f2139a6ce6912703ac10e5e74ee26af1b4a7e,Cake-LP,Pancake LPs,18,20126111158909364568294,
0x3701289c3fb42d7b9cb4ab43cdab34276b133a04,LITEBIT,Litebit Token,18,1000000000000000000000000000000,
0x1583db173ea63e2b6ca497443e5e334c56e3e915,MRCP,Mercureum Protocol,18,100000000000000000000000,
0xe4276043484881c19c78d0276dee1350eb36cdb5,MDEX LP,MDEX LP Token,18,8025770721941335868561,
0xb59490ab09a0f526cc7305822ac65f2ab12f9723,LIT,Litentry,18,5000000000000000000000000,
0xf21768ccbc73ea5b6fd3c687208a7c2def2d966e,REEF,Reef.finance,18,6998292984294794522000000000,
0xa08c4571b395f81fbd3755d44eaf9a25c9399a4a,RADS-LP,Uranium LPs,18,20184232354783299078855362638359432635498192873384678117601500638,
0x4cfbbdfbd5bf0814472ff35c72717bd095ada055,Suter,Suterusu,18,700000000000000000000000000,
0xafb2997fe9a99022e61c7e01b974e0e3d7704b02,MOMO,MomoToken,18,13359549923001009999999999,
0xd27d3f7f329d93d897612e413f207a4dbe8bf799,MOONSHOT,Moonshot,9,1000000000000000000000000,
0x014608e87af97a054c9a49f81e1473076d51d9a3,Cake-LP,Pancake LPs,18,231489617123156790490910,
0x30338acbac696b232aecc4759e0d391bb7dfd9b5,BSTC,BSTCOIN,18,10000000000000000000000000,
0xf38cd9fa7903871e7602b03acb7dd5b9c210a788,TBAKE,BakeryTools,18,25850500999999999935659991,
0x8ba4b26270c86574f5664683fd3c1a69cef355fc,PIP-BOY,Pip-Boy.fi,9,1000000000000000000000,
0x7aa0f568a5cc0b5395694cb5ad8c9423f8c41a80,SAFEMUSK,SafeMusk,9,1000000000000000000000000,
0x3e89234dcd58a0f571013244e0a98d85e4e394e0,SolarForce,SolarForce,9,100000000000000000,
0xb8b4383b49d451bbea63bc4421466e1086da6f18,Cake-LP,Pancake LPs,18,352718900800643357827067,
0x96058f8c3e16576d9bd68766f3836d9a33158f89,BONDLY,Bondly Token,18,43463825492115705048273925,
0xa57ac35ce91ee92caefaa8dc04140c8e232c2e50,PIT,Pitbull,9,100000000000000000000000000,
0x1a1c6f9f6b4e535130e9b1de46bbc76130b61feb,GOLDUCK,Golden Duck,9,100000000000000000000000,
0xc1e3bdf0e580de25d6a8c2a419da8c859589ed9d,sPDO,pDollar Share,18,65120350044393704961443,
0x062708e079b8b73aaf95303ee28384bb5540e7f8,Cake-LP,Pancake LPs,18,155665881222368826548541,
0x5bfe81fcb3708c8fc733bef60d313cafce1febeb,GUSD,Goose Dollar,18,1455151161296939507566893,
0x61eb789d75a95caa3ff50ed7e47b96c132fec082,Cake-LP,Pancake LPs,18,12436538725120263166924,
0x7130d2a12b9bcbfae4f2634d864a1ee1ce3ead9c,BTCB,BTCB Token,18,80501000000000000000000,
0x3ab63309f85df5d4c3351ff8eacb87980e05da4e,WHEAT,Wheat Token,18,185983010108397042073110,
0xd0759956fae5f5e55c84fdff2341b93d0303a62d,ZDCASH,ZDCASH,18,200000000000000000000000000,
0x698aa347d65abebb52901163f65b77c4ce441939,Cake-LP,Pancake LPs,18,14405266648333429776112,
0x7dfc53bdc9fd8995df1b1c8a50e564a49ab658ec,FTHD,Future Hodl,9,1000000000000000000000,
0x857b222fc79e1cbbf8ca5f78cb133d1b7cf34bbd,LTO,LTO Network,18,500000000000000000000000000,
0x916792fd41855914ba4b71285c8a05b866f0618b,PAYB,Paybswap,18,1000000000000000000000000000,
0x7ce0fa39cd43a6888101dfdda0f7481622ed254e,BeQuiteBSC,Bequite BSC,9,90000000000000000000,
0xb789f0cbba9f8805519eb6d688c7b77aa1e26069,FFD,Fast Food Token,18,745774325806451612895884,
0xc15fa3e22c912a276550f3e5fe3b0deb87b55acd,Cake-LP,Pancake LPs,18,3882101676028631643430921,
0xd909840613fcb0fadc6ee7e5ecf30cdef4281a68,BBOO,Bamboo Token,18,1948846021859817983207375,
0xe02df9e3e622debdd69fb838bb799e3f168902c5,BAKE,BakeryToken,18,672124721812268228878701663,
0x7c9e73d4c71dae564d41f78d56439bb4ba87592f,ibBUSD,Interest Bearing BUSD,18,300278217769406885521070979,
0x8f30114846012e5c1fa33f32cf93b0250c90e05a,BLP,Bakery LPs,18,4590421381145267853369,
0xf2511b5e4fb0e5e2d123004b672ba14850478c14,3NRV-LP,Nerve 3pool LP,18,297759737566235689551946458,
0xa2b726b1145a4773f68593cf171187d8ebe4d495,INJ,Injective Protocol,18,7500000000000000000000000,
0x70e132641d6f1bd787b119a289fee544fbb2f316,2GoShi,2GoShi,8,184517319662891502,
0x965b0df5bda0e7a0649324d78f03d5f7f2de086a,COOK,Poly-Peg COOK,18,10000000000000000000000000000,
0x4b6000f9163de2e3f0a01ec37e06e1469dbbce9d,KEYFI,KeyFi Token,18,1000000000000000000000000,
0x4f0ed527e8a95ecaa132af214dfd41f30b361600,vBSWAP,vSWAP.fi,18,24588855343168511483119,
0xc99e3abe7729a3869d5cad631bcbb90e3d389aa2,vBSWAPBUSD,vBSWAP/BUSD Value LP,18,6129909698855941800000,
0x762539b45a1dcce3d36d080f74d1aed37844b878,LINA,Linear Token,18,10000000000000000000000000000,
0xc5768c5371568cf1114cddd52caed163a42626ed,Cake-LP,Pancake LPs,18,13539835546014852822904249,
0x190b589cf9fb8ddeabbfeae36a813ffb2a702454,BDO,bDollar,18,43418376169616254777392736,
0x67d66e8ec1fd25d98b3ccd3b19b7dc4b4b7fc493,FEED,Feeder.finance,18,45623756000000000000000000,
0x257dd90481a39e3ed42b518fba3beb390d9137df,BDOBUSD,BDO/BUSD Value LP,18,11161605326437823785459690884255346232856,
0x096901973ac5b4dd14728fae04597b90b2a47da9,GLTO,Gelato,18,3410938970461787994639772,
0xd467af8c117acaf7b2725a6d35dc5a471a683055,MooEllipsisEPS-BNB,Moo Ellipsis EPS-BNB,18,13791569009568547912803,
0xcad7019d6d84a3294b0494aef02e73bd0f2572eb,Cake-LP,Pancake LPs,18,62300500046788817,
0xf9045866e7b372def1eff3712ce55fac1a98daf0,Cake-LP,Pancake LPs,18,549238379032707719819496,
0x9f4c4ac66a6c4b3b22da214ca43b326fab0826d1,Shake,MilkShake,18,1629044727816560393286380,
0xb0b924c4a31b7d4581a7f78f57cee1e65736be1d,HAPPY,HappyCoin,9,1000000000000000000000000,
0x4c79b8c9cb0bd62b047880603a9decf36de28344,REAU,Vira-lata Finance,9,1000000000000000000000000,
0x066fc8dd5955534a01a9f892314c9b01b59a9c11,PAWS,Animal Adoption Advocacy,9,100000000000000000000000,
0xc737b44cb0aa18815a1f6918eb338dee7e7e6bd7,COMFY,ComfyToken,9,1000000000000000000000,
0xf5db804101d8600c26598a1ba465166c33cdaa4b,AIRT,AirNFTs,,59840,
0x5bccfbd33873a5498f8406146868eddd5e998962,PDO,pDollar,18,622513214424833715772887,
0xf664264e835bc27cbf71da6a6633a6c7b99b9de1,ASCEND,ASCENSION PROTOCOL V2,9,14400000000000000,
0x33a3d962955a3862c8093d1273344719f03ca17c,SPORE,SporeFinance,9,31652763033531438500000000,
0x26a5dfab467d4f58fb266648cae769503cec9580,xMARK,Standard on xDai on BSC,9,1476858149944915,
0x11089b429a6ce64f685d39a197c2154f28801e12,SHL,Shelly,9,100000000000000000,
0xa85aa7c10fd54b6b7a9a356ccc0dcb9a25f379ad,WREGG,World Record Egg Token,18,33500001000000000000100000000000,
0xc5a5d40d91d07518fe28af325fcaae69318792d9,NFTART,NFTArt,18,1000000000000000000000000000000000,
0x4c9e893a114950809e38759fa2f332eec7de7a11,fBUNNY,fBunny Token,18,5857978701453906903159,
0x13969bbeece18da1354561e9b59dc2937ef5c95c,SAFESEX,SafeSex,9,1000000000000000000000000,
0xf859bf77cbe8699013d6dbc7c2b926aaf307f830,BRY,Berry Tributes,18,7864168595679012280420000,
0xf5b21a18a510cd315dd9f46d3c117321f1851d51,APEMOON,APE MOON,18,1000000000000000000000000000000000,
0x63870a18b6e42b01ef1ad8a2302ef50b7132054f,blink,BLinkToken,6,999999999000000,
0x4963c99880cc6a576e1ddadbdffa537f1ed7eb8a,TREE,Tree Nation,18,100000000000000000000000,
0x140f34c8b7a417ee274adfbd1d429511dc07e14d,KOGE,KUSH DOGE,9,420000000000000000000,
0xc7a9c2af263ebb86139cca9349e49b17129ba033,Cake-LP,Pancake LPs,18,109145026761096697564972,
0x39f1014a88c8ec087cedf1bfc7064d24f507b894,SCZ,SafeBSC,18,100000000000000000000000000,
0x3ee2200efb3400fabb9aacf31297cbdd1d435d47,ADA,Cardano Token,18,280000000000000000000000000,
0x3203c9e46ca618c8c1ce5dc67e7e9d75f5da2377,MBOX,Mobox,18,399830726424468517544050272,
0xab6167c247d0dd768a8d8fad7e8b8a29a7456adf,BORED,TheBoringCoin,13,851983034153606957728093485,
0x2222227e22102fe3322098e4cbfe18cfebd57c95,TLM,Alien Worlds Trilium,4,8896623135305,
0x8592fb0e6724a90ce45f05f31b85bddd45931560,SWIN,Swinate,9,1000000000000000000,
0x8597ba143ac509189e89aab3ba28d661a5dd9830,VANCAT,VANCAT Token,0,1000000000000000,
0xbda8d53fe0f164915b46cd2ecffd94254b6086a2,RAKE,RAKE,18,20170011711577446992225,
0x8046fa66753928f35f7db23ae0188ee6743c2fba,Cake-LP,Pancake LPs,18,10614807640785316,
0xf68c9df95a18b2a5a5fa1124d79eeeffbad0b6fa,ANY,Anyswap-BEP20,18,1940363438066328887877746,
0xad1b645167726a87ab568c9c22e1f72bca9768d7,FIREDRAGON,FireDragon,18,1000000000000000000000000000000000,
0x9cb73f20164e399958261c289eb5f9846f4d1404,4Belt,Belt.fi 4Belt,18,676089968661568526343250276,
0xa87536108fbb507d512f8c9c87a6ef27a1de8a0f,Cakery,CakerySwap Token,18,834318839325842696605058,
0x42282fbbef486cf9eaf00cb3030810310f614568,MOONLIGHT,MoonLight,18,1000000000000000000000000000000000,
0x4f5afc97e501907201f94ef7de9f36c4633dcc75,SAFECOM,Safe Community Token,18,666666666666000000000000000000,
0xc4daa5a9f2b832ed0f9bc579662883cd53ea9d61,BRICK,BrickChain,18,173412447288360260629629668,
0xdff88a0a43271344b760b58a35076bf05524195c,PHB,Red Pulse Phoenix Binance,18,3374307751045319550000000000,
0x81859801b01764d4f0fa5e64729f5a6c3b91435b,BFI,bearn.fi,18,48958367613506640351710,
0xc242b6a3983e90d279ed68ac70f47cfc7e5e1e1c,PTLK,Ptlk Token,18,74986510114715967360063692,
0xad9787017e82f6368bbe4893b475caada2258564,BTA,BitcoinAsset,18,5000000000000000000000000,
0x47e7dd5fa9bbd280c5422e5106b1da444344c206,WoW,World of Waves,9,1000000000000000000000000,
0x7a9f28eb62c791422aa23ceae1da9c847cbec9b0,WATCH,yieldwatch,18,20000000000000000000000000,
0xdacd011a71f8c9619642bf482f1d4ceb338cffcf,USDP,USDP Stablecoin,18,193938039890023594514158,
0xddb3bd8645775f59496c821e4f55a7ea6a6dc299,GNANA,Golden Banana,18,3000000000000000000000000000,
0x6d825cda515024d83abf929fae99ca4e137b6094,MOONCORGI,Moon Corgi,9,100000000000000000000000000,
0xbd1ec00b0d1cca9d5b28fbe0bb7d664238af2ffa,Cake-LP,Pancake LPs,18,76609603312521933397,
0x928e55dab735aa8260af3cedada18b5f70c72f1b,FRONT,Frontier Token,18,12364679592070571197580720,
0x7c17c8bed8d14bacce824d020f994f4880d6ab3b,EASY,EASY,18,250000000000000000000000,
0xf16e81dce15b08f326220742020379b855b87df9,ICE,IceToken,18,2965343399444774473381834,
0xacfc95585d80ab62f67a14c566c1b7a49fe91167,FEG,FEGtoken,9,100000000000000000000000000,
0xe0b473c0dd6d7fea5b395c3ce7ffd4fef0ab4373,mooAutoCakeFixed,Moo Auto CAKE,18,2246064559539962526481611,
0x74e4716e431f45807dcf19f284c7aa99f18a4fbc,Cake-LP,Pancake LPs,18,77891766323165956756028,
0x81e4d494b85a24a58a6ba45c9b418b32a4e039de,MOONTOKEN,Moon Token,18,1000000000000000000000000000000000,
0x862827e70221c3a0ba27ab608ddfe4d5d3fe27c2,SAFERUNE,SafeRune,9,1000000000000000000000000,
0x4b0f1812e5df2a09796481ff14017e6005508003,TWT,Trust Wallet,18,1000000000000000000000000000,
0xa5cd6862562e58b90925c03ced91b3b838992e61,SDD,ShetlandSheepdog,9,15000000000000000000,
0x8c5b0e0e8d0db85a3aec2f1b8c2b8b740523f75b,PNDA-V2,Pandaswap V2,18,397386579660236144169,
0x1f534d2b1ee2933f1fdf8e4b63a44b2249d77eaf,ZERO,Zero.Exchange Token,18,72150955258433168785316567,
0x7621886ac71e985dbea4f3f563bbb5a7865876a8,Cake-LP,Pancake LPs,18,5574011223200464928367,
0x45e13311ee99f040bf9a1207eb864aae5aea9119,mooMashMASH-BNB,Moo Mash MASH-BNB,18,1484248821332957860745,
0xf952fc3ca7325cc27d15885d37117676d25bfda6,EGG,Goose Golden Egg,18,2645218374898750327694927,
0x4437743ac02957068995c48e08465e0ee1769fbe,FTS,Fortress,18,10000000000000000000000000,
0xa7ca04f7602cd7a939d3e4827f442f48cf8e9dad,UNFI,Uniswap Finance,18,10000000000000000000000000,
0x8bb0d002bac7f1845cb2f14fe3d6aae1d1601e29,fBUSD,Fortress BUSD,8,21986791901880836,
0xc869a9943b702b03770b6a92d2b2d25cf3a3f571,Cake-LP,Pancake LPs,18,349783878545870521184794,
0x948d2a81086a075b3130bac19e4c6dee1d2e3fe8,Helmet,Helmet.insure Governance Token,18,100000000000000000000000000,
0x7a59bf07d529a5fdbab67d597d63d7d5a83e61e5,bMultiUSDC,bMultiUSDC,18,202582980128223384030864003,
0x9a86fc508a423ae8a243445dba7ed5364118ab1d,beltDAI,beltDAI,18,123236981198288205804729373,
0x55e1b1e49b969c018f2722445cd2dd9818ddcc25,beltUSDT,beltUSDT,18,123882955069075742292517302,
0x9171bf7c050ac8b4cf7835e51f7b4841dfb2ccd0,beltBUSD,beltBUSD,18,229295170818236985278522566,
0x53a53a9e10abe9d18d009f6f962f51dc8b1d6edc,bVenusBUSD,bVenusBUSD,18,68847745529305641780566502,
0xe52c5a3590952f3ed6fccf89a0bd7f38e11c5b98,DEK,DekBox,18,90000000000000000000000000,
0x95c78222b3d6e262426483d42cfa53685a67ab9d,vBUSD,Venus BUSD,8,1048990035804446061,
0x658a109c5900bc6d2357c87549b651670e5b0539,FOR,The Force Token,18,204999999999999999999999999,
0xca69c118fa550387794d48900a866891217e5c9f,MOK,Mocktail,18,5934483634587639323612621,
0x3eb560209b438d4e23833aff6751fcf0b810f60b,mooVenusXRP,Moo Venus XRP,18,468138791998365135923478,
0x4d0228ebeb39f6d2f29ba528e2d15fc9121ead56,Cake-LP,Pancake LPs,18,19157366783919843128647,
0x9c28e48ea9170d9a9cb76d338655b8bd4124bc7a,EarnX,EarnX,9,21000000000000000000000,
0x5a054554b3f0c75063d29250984a921402e1e3a7,Shield Finance,SDF,18,63120936437326407207934900,
0x869dd7a64afbe5370a8c591d9b8650be60c0b8f6,FASTMOON,FastMoon,9,1000000000000000000000000,
0xb2678c414ebc63c9cc6d1a0fc45f43e249b50fde,Cake-LP,Pancake LPs,18,7121746324181991115519,
0x19e506bbf1d8dbd08e963229434634664a577111,TOFU,Tofu Finance,9,7561492165643818726,
0x1434bb50196a0c7ea825940b1dfd8aad25d79817,Cake-LP,Pancake LPs,18,3322571511445223735298733,
0xe1316066af35fbff54f870ea6d1468255602a696,STBB,Stabilize BSC Token,18,705939931270440180082238,
0xbcb24afb019be7e93ea9c43b7e22bb55d5b7f45d,BSCS,BSCS Token,18,500000000000000000000000000,
0x7c1270c00021ea130c3cf81823c08c97d8f40a21,777,Gambler,18,777777777777000000000000000000,
0xa80e042b6fd33b29e6648b2dd1a48a07e4736afe,Cake-LP,Pancake LPs,18,48009446699530302064,
0x207ab8b985ac38b447c9231e5df24b65c88cb8a4,SAFELAMBO,SafeLambo,8,9201373824405197,
0x092bbec1342afffd16cfb41b56343d5a299cdf0d,ShiCo,ShibaCorgi,9,7151943741696343756630935199899,
0x16940bc578c30c7c10a2cf8a150b98a8b1cee152,Cake-LP,Pancake LPs,18,14154791607798189350447,
0x89cb970660737e8ad4d1ba585431985d0dd7a8ff,CANDLES,Happy Birthday,18,916111919514258772979671626069,
0x59fe1dcdcd8918fe7b4e76e21f27599d5a1eaadb,Cake-LP,Pancake LPs,18,6136697322388573166267,
0x3cdd556c882dbeb4a0f3444de6d76e12618c9100,bVenusBTC,bVenusBTC,18,7167276043263157479354,
0x51bd63f240fb13870550423d208452ca87c44444,beltBTC,beltBTC,18,7944644453852972362812,
0x3d46a4b06a1a182c4e6a3862e940881715a993a1,REALMADRIDFC,Real Madrid FC,18,10000000000000000000000000000000,
0x78bc22a215c1ef8a2e41fa1c39cd7bdc09bd5174,RMOON,RocketMoon,9,1000000000000000000000000,
0x94026f0227ce0c9611e8a228f114f9f19cc3fa87,NEON,Neonic,18,2317928319297435827999668,
0xb1b15357f8e209e5a2b8951e1c237c64a7462b8e,MEGASTAR,MegaStar.finance,18,1000000000000000000000000,
0xcf914f67ea96d8738f54d0c5fc2007639da76703,MOONFinance,MOON Finance,9,1000000000000000000000,
0x731c759d4c136aa71c2d211ceef7143ee1a5cd83,DRINKS,Drinks Token,18,2526331256677116343472443,
0x19e7cbecdd23a16dfa5573df54d98f7caae03019,Cake-LP,Pancake LPs,18,1135312011266882974842311,
0x6ff2d9e5891a7a7c554b80e0d1b791483c78bce9,WAULT,Wault Finance,18,1000000000000000000000000,
0xd1b59d11316e87c3a0a069e80f590ba35cd8d8d3,Cake-LP,Pancake LPs,18,59355769626900177298316,
0x481f0557fb3bb5ee461fd47f287b1ca944ad89bc,PURE,PureSwap Token,18,125000000000000000000000000,
0xa13877b015357ce230f765699a88952d246338b5,PLP,PureSwap LP Token,18,2488084250082873933691,
0x617724974218a18769020a70162165a539c07e8a,OLIVE,OliveCash Token,18,1501810070361571956002375,
0xfa4d8f39e624c8bd369d36a0e154ee58ceb89169,Cake-LP,Pancake LPs,18,16483431694217262,
0x8934142fc2ec97f7a94247fb9e86e36963c8ff6e,SAFEMOONKEY,SAFEMOONKEY,9,10000000000000000000,
0xc8f3eca6721638c0ea444a881906c643461bb036,BTP,BitProfit,8,10000000000000000000000,
0xcb3e015d08a8aa4f8ad5ff0278426f49169fddf3,Cake-LP,Pancake LPs,18,5427648981390046,
0x31045e7023e6c388f9447e632a3f9eaff90393fa,SAFETOKEN,Safe Token,18,1000000000000000000000000000000000,
0xbcf39f0edda668c58371e519af37ca705f2bfcbd,pCWS,PolyCrowns,18,10000000000000000000000000,
0xae9269f27437f0fcbc232d39ec814844a51d6b8f,BURGER,Burger Swap,18,12580252417850720599463808,
0x3dcb1787a95d2ea0eb7d00887704eebf0d79bb13,Cake-LP,Pancake LPs,18,473816709955143089130188,
0xb63de0dd2e1c4e898307331dd2c17f98012e1764,PCK,PooCake,9,1000000000000000000000000,
0x1af3b59a839e97e944c65177ab3a024b499133f8,PDAO,PANDADAO,9,100000000000000000000,
0xb3e968ba01a78ea489292130bcf8bbe6a64be648,MOMO,MoMo M Token,,,
0x4fcfa6cc8914ab455b5b33df916d90bfe70b6ab1,SLME,Slime,18,466128960139593885317985,
0xd6004836cb07d063f2cb498c25e351cc93194079,LONG,Long Asset,18,500000000000000000000000000,
0x8a0c542ba7bbbab7cf3551ffcc546cdc5362d2a1,Cryptoz,Cryptoz Cards,,150005,
0xa4f93159ce0a4b533b443c74b89967c60a5969f8,BFT,BitfreshToken,18,550000000000000000000000000,
0x1696a65ea693593ba771b5a7afc54c8eaf4c20de,APE-LP,ApeSwapFinance LPs,18,401381713666310533698994,
0x211ffbe424b90e25a15531ca322adf1559779e45,BUX,BUX Token,18,76384000000000000000000000,
0x82b5c3cde149bb3d2ea0ddd8d34ea4db4e6969e5,SIBA,Siba INU BSC,18,1000000000000000000000000000000000,
0xbf6728454b96a36c720c1bbcae5773aaafd6959b,SPT1-BUSD,SpartanPoolV1-BUSD Token,18,138403519616204230559219,
0x76ed05fa250e8e993275e6e78b470b4d70ed120b,Turing,TuringMachine Token,18,10215286528439654495727,
0x790be81c3ca0e53974be2688cdb954732c9862e1,BREW,CafeSwap Token,18,3268175640066879961979297,
0x3a5325f0e5ee4da06a285e988f052d4e45aa64b4,POLAR,Polaris,18,176602811909090909061143,
0xae315a662b7e0cfec68edce6a06fa918b19e3328,Cake-LP,Pancake LPs,18,3765094911064571848396,
0x9f589e3eabe42ebc94a44727b3f3531c0c877809,TKO,Tokocrypto Token,18,500000000000000000000000000,
0xaee4164c1ee46ed0bbc34790f1a3d1fc87796668,HMDX,Poly-Peg MDX,18,1000000000000000000000000000,
0xaf169e53e9f07de6f9f4eac67e2833c623f0c122,TORPEDO,Torpedo,9,1000000000000000000000000,
0xbb84a2d8fe1f705ff48b6f103620c3e0371c7a04,SHKFN,Shikoku Finance,9,1000000000000000000000000,
0xdc683adb914edf91df4a36c33ee4f59ca41bc263,WAD-LP,Warden LPs,18,489939248298213190135289,
0xd8071461699e287e3f4ff53b733d3a13ff7b6730,SAFERUNE,SafeRune,9,1000000000000000000000000,
0xaa5c91f3df88b8b3863d0899bca33e70482bed2a,WAIV,WAIVLENGTH,9,1000000000000000000000000,
0x7374d161a4a281b7fc817b8ff7cf778a4004f109,SENSIBLE,Sensible Finance,9,1000000000000000000000000,
0x4ceaafd1b2e5464e221c5cb3bdce5fb4629b7aae,SAFUv2,SafeUniverse V2,9,1000000000000000000000000,
0x069b2619eb24367a46fda638bd1b88aa4dad7879,MNDAO,MoonDao,9,1000000000000000000000000,
0x79168b28700a9030055c5bdffb631a25edd115f3,ðŸ‡ºðŸ‡¸ TRUMP,TRUMP TOKEN,9,100000000000000000000,
0x92a42db88ed0f02c71d439e55962ca7cab0168b5,TRDG,Tardigrades.Finance,9,100000000000000000000000000,
0x125a3e00a9a11317d4d95349e68ba0bc744addc4,TIR,Tir,18,118676399999999999966851,
0xdf3ec0f20fd61491c54a3528554ba125e56d9894,Cake-LP,Pancake LPs,18,109212446758268758020,
0xe834bf723f5bdff34a5d1129f3c31ea4787bc76a,Cake-LP,Pancake LPs,18,5795948641928842051186016,
0x60de5f9386b637fe97af1cc05f25548e9baaee19,DEEP,DeepLock,18,5000000000000000000000000,
0xabae871b7e3b67aeec6b46ae9fe1a91660aadac5,pOPEN,pTokens OPEN,18,2225916139484935358723495,
0x2f3391aebe27393aba0a790aa5e1577fea0361c2,TAKO,Tako Token,18,840539066300059895064471,
0x4487a8a40caa9fa0e70b9041c368b6e0d4089314,POODLE,Poodledog Token,18,10000000000000000000000000000,
0xf907e3a0b5fac468ccf9508a06dca0babc023379,BADASS,BadassMoon,9,1000000000000000000000000,
0x8249bc1dea00660d2d38df126b53c6c9a733e942,BAMI,Bami Token,18,1006823943955500000000991782,
0x844fa82f1e54824655470970f7004dd90546bb28,DOP,Dopple Token,18,43821773731684981684897562,
0x58ba5bd8872ec18bd360a9592149daed2fc57c69,PLANT,PlantSwap,18,38147053554421159478471,
0x58f876857a02d6762e0101bb5c46a8c1ed44dc16,Cake-LP,Pancake LPs,18,5584924366864826173696534,
0xd9bccbbbdfd9d67beb5d2273102ce0762421d1e3,Cake-LP,Pancake LPs,18,7927988146528557890527,
0xdf6b2112c9d7ec7ea9f65a23a2e8e5bec562426f,JUDE,JUDE,18,87061552631743188749106283153714,
0xdcd7c0bedde5a0421f59423648e3f956fcddd5be,UAV,UAVcoin,18,10000000000000000000000000,
0x21dd71ab78ede3033c976948f769d506e4f489ee,Cake-LP,Pancake LPs,18,110817808926891355789571,
0xca3f508b8e4dd382ee878a314789373d80a5190a,BIFI,beefy.finance,18,80000000000000000000000,
0xe76381e4fd8c4492c2e61000d123ae2ca3bda41c,mooMashMASH,Moo Mash MASH,18,43297499227053230785642,
0xf8e026dc4c0860771f691ecffbbdfe2fa51c77cf,BGOV,BGOV Token,18,210200234077474097176186364,
0x16a4a0bb3c8b3dde8459f192b9ae09cad7b95a70,WENM,Wen Moon Token,9,1000000000000000000000000,
0xecd0aa12a453ae356aba41f62483edc35f2290ed,Cake-LP,Pancake LPs,18,28358203007295549179035,
0xa8c2b8eec3d368c0253ad3dae65a5f2bbb89c929,CTK,CertiK Token,6,9008628740560,
0x7ca89b3a7159d3fd20812a8b45b9aff6d9adc9a4,PBT ,Pablo Token,18,960000000000000000003000000000000,
0xbbabf1636b7ab0069a8f7ce76b4afbee2f1e2f2c,LIME,Lime Token,18,797064207095011733609812,
0x1ba42e5193dfa8b03d15dd1b86a3113bbbef8eeb,ZEC,Zcash Token,18,100000000000000000000000,
0x57a5297f2cb2c0aac9d554660acd6d385ab50c6b,vLTC,Venus LTC,8,942166852626896,
0xa25dab5b75ac0e0738e58e49734295bad43d73f1,BITI,biti city,18,109638309236075239189126,
0x8519ea49c997f50ceffa444d240fb655e89248aa,RAMP,RAMP DEFI,18,99646862313000000000000000,
0x425b3f615d11a2c3c3c3882858077d26cb618518,POODL,POODL,18,10000000000000000000000000000,
0xf35262a9d427f96d2437379ef090db986eae5d42,bOPEN,OPEN Governance Token,18,3232366158958836482398518,
0xda292eb82bb9b327fee9d0f42f6ece9156d232c0,SUFO,SafeUFO,9,1000000000000000000000000,
0xdfa7c32a23091f44e05100eb1e6159940bfe30d0,BURNIE,BURNIE,9,1000000000000000000000000,
0xb5389a679151c4b8621b1098c6e0961a3cfee8d4,LAUNCH,Super Launcher,18,6000000000000000000000000,
0xad90c05bc51672eedfee36e58b3ff1a78bbc146d,XSPACE,XSPACE,9,1000000000000000000000000,
0x47962e8312cdf3b0aed694931b3ced94a4de403b,FINE,REFINABLE,9,10000000000000000000,
0xd1d5af92c606c6f2ec59d453f57a6fcc188d7db5,nrvBTC,Nerve anyBTC/BTCB LP,18,1457459165887324598147,
0x83b92d283cd279ff2e057bd86a95bdefffed6faa,Cake-LP,Pancake LPs,18,759753416523421168262,
0xbfa0841f7a90c4ce6643f651756ee340991f99d5,NYA,Nyanswop Token,18,1000000000000000000000000000,
0x8e8538c75f273ab2df6adeecd3622a9c314fccf3,SISHI,Sishi Token,18,178400286016070957227542,
0xf6488205957f0b4497053d6422f49e27944ee3dd,JETS,JetBar,18,40895621653544463307916,
0x58a3b743d845da7e8cade809d491799316a0a2a4,SINBA,King SinBa,18,80000000000000000000000000000000,
0x401479091d0f7b8ae437ee8b054575cd33ea72bd,Cake-LP,Pancake LPs,18,6158437069090768753215717,
0xdd5bad8f8b360d76d12fda230f8baf42fe0022cf,Cake-LP,Pancake LPs,18,161923645614843867767369,
0x16feb16f7ee2190312d03f449eeec2339add2d83,SAFU,SafeUniverse,9,874549665413979000000000,
0xceb2f5e9c7f2d3bcd12a7560d73c56f3396af3f9,DBALL,Dragon Ball Token,18,2196348455296460774474418,
0x5ac52ee5b2a633895292ff6d8a89bb9190451587,BSCX,BSCX,18,9983396000000532846602068,
0x47c42b0a056a9c6e9c65b9ef79020af518e767a5,Cake-LP,Pancake LPs,18,70808098181504003068706,
0x68e374f856bf25468d365e539b700b648bf94b67,MIST,Mist,18,1000000000000000000000000000,
0x4d2b1966f347e48b2d247f684d7677854083e4ab,ENV,ENVFinanceToken,8,12299999899999999,
0x4fb908dc3e4c1033085bdbf23c6a2fee6e3f0ef4,RICH,Rich Gang Token,9,10000000000000000000000000,
0xe6f3bb835575ca880f7fecaafd7233fae46bc6e7,KITTY,MyKitty,9,1000000000000000000000000,
0x5f75692f321639e73459f3f0db355c64a4634fca,MUSKY,ElonMusky,9,1000000000000000000000000,
0x2c624c9ecf16cb81ab85cc2c0b0c5e12a09afda6,Cake-LP,Pancake LPs,18,13729373637381498507858157,
0x372aed0528ea4bc95e1101b2882cb15fca4b226e,TST,Tempest,18,11064090941274139875444732,
0xd2ddfba7bb12f6e70c2aab6b6bf9edaef42ed22f,UBU,UBUToken,18,8951999730643208142028400,
0x506c6f29dbb50ef7d9c580cdb914c0e7877515ae,Cake-LP,Pancake LPs,18,27856339226086776536855,
0xacd7b3d9c10e97d0efa418903c0c7669e702e4c0,ELE,Eleven.finance,18,4234481059488359826903814,
0xa9338126a645aca52aa74ce65fbc1092eb67d335,Cake-LP,Pancake LPs,18,50326210976292330356510,
0xacf47cbeaab5c8a6ee99263cfe43995f89fb3206,Cake-LP,Pancake LPs,18,462698855235686230188538,
0xfca433b1c071737f92b76234984aba10d04de57e,mooCakeV2ALPHA-BNB,Moo CakeV2 ALPHA-BNB,18,9184236058610822091021,
0x96dd399f9c3afda1f194182f71600f1b65946501,COS,Contentos,18,5899144694600000000000000000,
0x9a500b77524d63c7604d8fc7e797b6b76c1e723b,MARSTOKEN,MARS TOKEN,9,1000000000000000000000000,
0x2802eb3a20f5892956d5b9528f6bf13e648534db,ODIN,Odin Protocol,18,90155336544863312636072107,
0xa07c5b74c9b40447a954e1466938b865b6bbea36,vBNB,Venus BNB,8,7588962055755201,
0x5ddae05d2f854926e8070b435d2dfe5edca246d9,KET,Rowket,8,4596761772468033,
0x94292eaeaccc559970dfbf151795bd07bab35185,LATEMOON, DONT LATE MOON FCK,18,100000000000000000000000000,
0x56750c85358c998c28e22b5e6a9cb88e1b6ee0c9,Cake-LP,Pancake LPs,18,252200416967979,
0x1311b352467d2b5c296881badea82850bcd8f886,TOOLS,TOOLS,18,25000000000000000000000000,
0x200062b9e36cfa697cb49b74ea556706e67e5091,Cake-LP,Pancake LPs,18,22693064248574725474102,
0xc87eafc1d1c3f46148ea5446d7a645602340b1e6,BALL,Ball Token,18,473979237375021395920145,
0xb0f2939a1c0e43683e5954c9fe142f7df9f8d967,GEN,Gen Token,18,766729826972559999982068,
0xc89fbab3143ca9a41834b2818b33f4886e7fde01,Cake-LP,Pancake LPs,18,151197396889813365666448,
0x48f2125439a8e0a648b0b508f13ed6c2df9e92be,Cake-LP,Pancake LPs,18,127789174415719434996173,
0x65b050dea610ec5b70c170d078c03937b01b9c76,EARTH,EARTH Token,18,100000000000000000000000000,
0x432fd6b1d2245fd871b5b17cf2ac241ad1604daf,ONGAME,ONGAME,18,1000000000000000000000000000000000,
0x9aff3392610cdfb46bf6948a2d61b6fe16878d25,FORCE,FORCE,9,50000000000000000,
0x958a0166ae5022a96c1d870bd158bc167cebda81,SHIT,SHITZU,9,100000000000000000000000000,
0x70d8929d04b60af4fb9b58713ebcf18765ade422,Cake-LP,Pancake LPs,18,2587316429329454301767,
0xd0840d5f67206f865aee7cce075bd4484cd3cc81,AFEN,Afen,18,850000000000000000000000000,
0xe61b86b8398e0fefa2097a1bcf9f5cf47e0d2484,IP,Interplanetary,9,5000000000000000000,
0x2ed9e96edd11a1ff5163599a66fb6f1c77fa9c66,LEAD,Lead Token on BSC,18,148971533999388486058606536,
0xad6caeb32cd2c308980a548bd0bc5aa4306c6c18,BAND,Band Protocol Token,18,3200000000000000000000000,
0x168b273278f3a8d302de5e879aa30690b7e6c28f,Cake-LP,Pancake LPs,18,86910175855284111445009,
0x94ba5a1afc430163fa815aba03efce81487370e1,AQLR,Aqualair,18,20500000000000000000000000,
0xacbf7c954c7ce8f14bbc553c1a86c303be351339,LFG,LetsFkinGalaxy,9,1000000000000000000000000,
0x851f7a700c5d67db59612b871338a85526752c25,ARGON,ArgonToken,18,99999999000000000000000000,
0xa2f5087756a0a49ec9ff76dc4493df4022a1a9eb,NCC,NanoCap,9,15000000000000000000,
0x17632dcda12c522ec2bc8a08c6419ab16f249d35,MDEX LP,MDEX LP Token,18,3780987375385975835018794,
0x3feab282db4762f369e4223cd132bd5e0591e6f0,DUMMY,Masterhack nrvbusd v2,18,1000000000000000000,
0x54f4d5dd6164b99603e77c8e13ffc3b239f63147,11 Nerve Nerve,11NRV,18,394806067657294069756983,
0x15b9462d4eb94222a7506bc7a25fb27a2359291e,xNRV,xNerve,18,20001541215388330561991072,
0x73c8c1ac22885121c13cf0c0b8554ed01fa77424,MNKE,MonkeCoin,5,30000000000000,
0x8789337a176e6e7223ff115f1cd85c993d42c25c,COP,Copiosa Coin,18,500000000000000000000000000,
0x23e8a70534308a4aaf76fb8c32ec13d17a3bd89e,lUSD,lUSD,18,6481669619895795651217404,
0x9957ba2adce80e7e49222fb00f10f6d614d68df8,THANOS,ThanosBSC,9,1000000000000000000000000,
0x9e2737b77e36b4bda6b4f40513289153647435b3,SAFEEARTH,SafeEarth,18,100000000000000000000000000,
0xbfac62f269f8845555d2a47a96ab9ff260b4a550,Bani,Bani,9,1000000000000000000000000,
0xcd40f2670cf58720b694968698a5514e924f742d,ODDZ,OddzToken,18,2914989908798941946776040,
0x496a8b716a3a3410b16e71e3c906968ce4488e52,Cake-LP,Pancake LPs,18,1271442037576376775378,
0xb44a9b6905af7c801311e8f4e76932ee959c663c,BCP,BitcashPay,8,1183057504966087,
0x62ee12e4fe74a815302750913c3c796bca23e40e,SHRIMP,Shrimp Token,18,21000000000000000000000000,
0x1d1eb8e8293222e1a29d2c0e4ce6c0acfd89aaac,HAKKA,Hakka Finance on xDai on BSC,18,75839522666387497761649582,
0xccc2d670e801570247e9de1841480f52a62eb6f3,MRST,Marsturbate,9,1000000000000000000000000,
0x270877fbdadd2e28c7eaf08e528691b95684207e,LAIKA,LaikaCoin,9,100000000000000000000000000,
0x486e82304adaa436a688d78951402dddd3dce89a,MUNCHKIN,Munchkin,9,12000000000000000000,
0x86c3e4ffacdb3af628ef985a518cd6ee22a22b28,OCTA,Octans,9,1000000000000000000000000,
0x9ba4c78b048eeed69f4ed3cfddeda7b51baf7ca8,GS,Gen Shards,18,1736742570434423674966504,
0x8d42ee6f423a5016792e6d0d4508c05f30cac5bc,Cake-LP,Pancake LPs,18,2577539905062068481728,
0xa339c0ae7e47596017cce2ac1459349a4f0aeb6c,fCAKE,ForTube CAKE,18,43590617408083846845754,
0xdf6d9fc61bd8163b59d6381ec93ae1d3a4d95bb2,BlimpsRock,BlimpsRock,9,1000000000000000000000000,
0xc7091aa18598b87588e37501b6ce865263cd67ce,CCAKE,CheesecakeSwap Token,18,2246134142268369465054727,
0xba2ae424d960c26247dd6c32edc70b295c744c43,DOGE,Dogecoin,8,199999999999999999,
0x0f9e4d49f25de22c2202af916b681fbb3790497b,PERL,Perlin,18,191341262633296300000000000,
0x90946d2f9fb68ecc40ad8bc0c1cb15d6ccbc4022,Cake-LP,Pancake LPs,18,98467014836176153624133,
0x912ad502a929d315d4c731ee4483959aa634d853,PORNHUB,PORNHUB,18,1000000000000000000000000000000000,
0xd86463a1bd252b836a8210bdfc9934e2bf46d0c0,Cake-LP,Pancake LPs,18,305991803951164756968,
0x47dcc83a14ad53ed1f13d3cae8aa4115f07557c0,PNDA,Pandaswap Token,18,17461215037620304153239035628,
0xff97ca591ff6539c717f6cbecd75a85e8dddd31c,SHASHIMI,SHASHIMI,18,100000000000000000000000000000000,
0x97f6665ac6b2d7c3d5a2ad11d7a779787f617ce0,PNDA-V2,Pandaswap V2,18,252209626665687107631552,
0xa98e8103285c4b7268ef93c63bc2232cba39fafd,DHD,Diamond Hand Degens,9,1000000000000000000000000,
0xd60d91eae3e0f46098789fb593c06003253e5d0a,INX,Allinx,18,681940956648032463923346071,
0x60bb03d1010b99ceadd0dd209b64bc8bd83da161,Cake-LP,Pancake LPs,18,5320078220511083618771,
0x12a74014c385c4b391c21e5fc2439b70fa5925cc,DOGGO,Doggo,9,400000000000000000000000,
0x3ed531bfb3fad41111f6dab567b33c4db897f991,E11,Eleven.finance Vault,18,2061725559353730668104147,
0x72715ba26ff0441e49141b9d0706242837ef15f0,Cake-LP,Pancake LPs,18,36240268964640195147988553,
0x38079fb834bc832b17b876dc3018e3101a9a43f9,CRD,Crypto Rural Dog Token,18,4200000000000000000000000000000000,
0xa1b9d4b2f851db6944a79cbce1a0bfdbf6437764,PINKSHIT,Pink Shit,8,83988736999656,
0xacd19662f702f15d91d662516c6bd452cdcefdf5,Cake-LP,Pancake LPs,18,28821641996026574,
0x40c1b6f93901733629605d271268a6935f323748,CPR,CIPHER,18,1080000000000000000000000000,
0xab9851af5fa2d93dbc19f43cf6f821b4326577aa,JETSONS,Jetsons Finance t.me/JetsonsFi,9,206200000000000000000,
0x5ef5994fa33ff4eb6c82d51ee1dc145c546065bd,ALLOY,HyperAlloy,18,10286747892349954191076185,
0x73f0a6927a3c04e679074e70dfb9105f453e799d,st1INCH,1INCH Token (Staked),18,9224506612603731200880513,
0xd98560689c6e748dc37bc410b4d3096b1aa3d8c2,DFY,DeFi For You.,18,861416467712000000000000000,
0xe95fb3fa14420a0c69bc2d9c86c58bf94cdb693c,RDAO,RaifeidoDAO,18,580000000000000000000000000,
0x44e133e71bf90cb67de4c0f31c391ade021def4a,HAG,HaggleX Token,8,100000000000000,
0xe022baa3e5e87658f789c9132b10d7425fd3a389,Cake-LP,Pancake LPs,18,403819990748419,
0x50d809c74e0b8e49e7b4c65bb3109abe3ff4c1c1,CUB,Cub Finance,18,3023948326089544513336620,
0x0e327256a851a95016442b0c917888eb5175eed7,GEMR,Gem.Research,9,1000000000000000000000000,
0xff1e8a21a87b115d73f8fc9ec9de29b5276f7e6c,PNDA-V2,Pandaswap V2,18,92487213030846565,
0x2f801292924433f41e34669b0817f990764ecaa0,DOGEMOON,Dogemoon,9,10000000000000000000,
0xdf7952b35f24acf7fc0487d01c8d5690a60dba07,PB,Pancake Bunnies,,280644,
0xaf83f292fced83032f52ced45ef7dbddb586441a,TWIN,Twinci,18,5000000000000000000000000,
0xfe3171b9c20d002376d4b0097207edf54b02ea3b,Cake-LP,Pancake LPs,18,801295199351078678153,
0xee814f5b2bf700d2e843dc56835d28d095161dd9,GRAND,The Grand Banks Token,18,2829708073720133294264,
0x2e8da1ec183c2854fe4973fd5edf3dc0e78b873d,Cake-LP,Pancake LPs,18,6663415371405095035941,
0xd41bccd6a057bc6dcf4226bb74ed0adc7a81ad59,FCAKE,FREE CAKE,18,100000000000000000000000,
0x250342dd21cae01583e8f3ede4eb64753f665084,SDFI,Sting DeFi,8,9654854500776,
0xbeb34a9d23e0fe41d7b08ae3a4cbad9a63ce0aea,DLP,BUSD Token_DODO_LP_TOKEN_,18,18839560544875330202429170,
0x8f748641f169a03ec09061a4f79a86aace722b00,SKYO,Skynet Online,9,1000000000000000000000000,
0x5d3afba1924ad748776e4ca62213bf7acf39d773,KGO,KIWIGO,5,100000000000000,
0xb42e1c3902b85b410334f5fff79cdc51fbee6950,GSPI,SPI Governance,18,1000000000000000000000000,
0xbf5140a22578168fd562dccf235e5d43a02ce9b1,UNI,Uniswap,18,3699999999999999999999999,
0xe4dc901b801e3238b885f8bcac55e74fd621f8e9,AIRMOON,AIRMOON,9,1000000000000000000000000,
0xb33602ac4bf84b144894cce8f6c39f6c2136340f,Cake-LP,Pancake LPs,18,1431376307931129520014419,
0x6094caa9cb1ddc6e7b7195950467451446065de9,ZUT BSC ,Zero Utility Token BSC ,18,1000000000000000000000,
0xe3894cb9e92ca78524fb6a30ff072fa5e533c162,ELP,Everlasting Parachain Token,18,10000000000000000000000000,
0xdbf6a6a353bf0201224f6216c1be0c2d0b7ceb60,BANDZ,BandemicMOON,18,392618000000000000000000000000,
0xb9c0fd96a07faeee4c552f056cbe42073c8999e7,PARROT,Parrot Token,18,3476903294206349206346257,
0xda20c8a5c3b1ab48e31ba6e43f0f2830e50218d8,BINGUS,Bingus Token,9,919882086560798021181,
0xe1f2d89a6c79b4242f300f880e490a70083e9a1c,TOFY,Toffee Token,18,1146309089176932625975218,
0xea2c3c25985fbb5418c61451c2cbd1311e0ebe9e,pbfCake-LP,pbfCake-LP,18,4044097492599169817,
0x553f3491bf9b2d98da90115a5c35b2bae288b9fe,SOF,Space Orange Finance,18,100000000000000000000000000000000,
0xb813939458aa42ca57b870bef4bec24945adda6d,MONKI,Monki,18,205989953075538924332868222633,
0x5e7803e72744a0cdd7ec4f8a3ed87ce6b557018a,DSC,Dog House Coin,18,729686575000000001575000000000000,
0x8014ad2eec786be1b349b5e884112a4152da4b39,MEALS,BABYFLUENCEv2,18,1000000000000000000000000000,
0xc2e1acef50ae55661855e8dcb72adb182a3cc259,BTS,Bat True Share,18,179999000000000000000000,
0xe86493d416eeb7800f08787de759d179b61db921,Cake-LP,Pancake LPs,18,38518892920759670944077,
0x33e75f29d52a8bcfbc54a79ed6ef9482b2c035a2,Cake-LP,Pancake LPs,18,3235228615647763143269,
0xe4012400f60ffae2584f9d9ee61ca65b31a24c7f,mooBlizzardxBLZD-BUSD,Moo Blizzard xBLZD-BUSD,18,85565756688829074818,
0x2bcdcf1ef1320fc5f9a71ca0bd1504d6125f7569,DISC,DisCas Vision,18,67599719000000000078360,
0x3ef4952c7a9afbe374ea02d1bf5ed5a0015b7716,Cake-LP,Pancake LPs,18,75590276894401073485,
0xbf7c81fff98bbe61b40ed186e4afd6ddd01337fe,EGLD,Elrond,18,600000000000000000000000,
0xe5dc23d22cfc60e3de2a131fd5bf2a0b393faee6,HUSKY,Husky Token,18,1000000000000000000000000000000000,
0x59dd71fdd7615fc6822c147e63a6c32c465a412e,Cake-LP,Pancake LPs,18,184994323215490784348,
0x673c3611bd3fd634ae85e4144e6aac0705a02c5d,Cake-LP,Pancake LPs,18,142273887456603804978,
0xe8ff5a04cea766c54e3b8beaa605727b97d2182b,RIKVIP,RIKVIP,18,1000000000000000000000000000000000,
0x06c9e0b65ff4e02940c5b0f50b27d799622b2b39,mooSwampySWAMP,Moo Swampy SWAMP,18,22570922022510747691203,
0x6ccc13d3bf0f76f249f50b740a63b2131f5cf937,Thunder-LP,ThunderSwap LPs,18,6243936054450747294919,
0x8244609023097aef71c702ccbaefc0bde5b48694,WSBT,WallStreetBets Token,18,85999759485901834246520000,
0x477bc8d23c634c154061869478bce96be6045d12,SFUND,SeedifyFund,18,100000000000000000000000000,
0x14c358b573a4ce45364a3dbd84bbb4dae87af034,DND,DungeonSwap Token,18,1174597747564032944133579,
0xcfdf8a80fecaeecc144fa74c0df8691bfd0e26e3,KIWI,Kiwi Token,18,84064517382017772371023,
0x5621b5a3f4a8008c4ccdd1b942b121c8b1944f1f,XED,Exeedme,18,9405872013552215888384092,
0x4f00dd91eb5630f96464822393977212c86b8f5d,STC,Safe The Children,18,100000000000000000000000000,
0xdad1833332662b131f981204ef322ae2a0f235fa,vSafeCODEXWBNB,VSafeVault:PancakeCODEXWBNB,18,126570784685702328858,
0x9e95cb3d0560f9cba88991f828322526851bfb56,CODEX,CodexToken,18,3108800117999692697682869,
0x60e5ffde4230985757e5dd486e33e85afefc557b,COSMO,Cosmo Token,18,338852204645677838774168924280691,
0xb31dc5632018bf8b17ba8a155d5d88932404c468,Cake-LP,Pancake LPs,18,929634231171891680453,
0xaeab928e54c4abeac98bfa08f13a8b15fa53242b,Cake-LP,Pancake LPs,18,152183969165934879396366,
0x8891de345808e77228677f0efb56125db1e93a49,RX,Raven X,9,427445228881825879,
0x18b12ec521f31eaff5be813c3e136c75b3b1191e,mooCakev2DOT-BNB,Moo CakeV2 DOT-BNB,18,831989731535748597902,
0x3c439733cb83e7894c9ad7a98af57f106ab0cef8,PNDA-V2,Pandaswap V2,18,3129291904134112296098,
0x16939ef78684453bfdfb47825f8a5f714f12623a,XTZ,Tezos Token,18,4000000000000000000000000,
0xd37c1417da7bf5b02ffdea8d5427022dc88a0ee2,LLT,LifeLine,8,8566448335603330,
0xcb0e64ff52b80f2c315c6c0a761d10f107b9ed2c,PITS,PIEinTHEsky,9,50000000000000000000000000,
0x72faa679e1008ad8382959ff48e392042a8b06f7,bALBT,AllianceBlock Token,18,13242916181540366234320860,
0x25dfe3386525465802af6bfe499ded48017155ad,VTUBE,VTubeToken,18,36000000000000000000000000,
0xc2adf363be367031dad8bce42e4077e53c166275,WTY,Witty,8,2000000000000000,
0xb5ab3996808c7e489dcdc0f1af2ab212ae0059af,Cake-LP,Pancake LPs,18,810722849753137612492,
0x34e821e785a93261b697ebd2797988b3aa78ca33,Cake-LP,Pancake LPs,18,48290363534484,
0x8b571fe684133aca1e926beb86cb545e549c832d,gROOT,growth Root Token,18,20000000000000000000000,
0x035f0470755dbb305fb2b4ff775fb7b4ce2354e5,FROG,Frog.Finance,8,1000000000000000000,
0x8fc4f7a57bb19e701108b17d785a28118604a3d1,fDOT,Fortress DOT,8,39804769627525,
0x27ae27110350b98d564b9a3eed31baebc82d878d,CUMMIES,CumRocket,18,9638084853627606491235272730,
0xe176468c70a821e30bc39d49ef3077c91d891b62,CSE,Community Staking Experiment,8,21660298166431,
0xafe24e29da7e9b3e8a25c9478376b6ad6ad788dd,xBURGER,xBURGER,18,312671439509719921490467,
0xb68a67048596502a8b88f1c10abff4fa99dfec71,DGNZ,DGNZToken,18,4008988136352596881800665,
0x4391c73d35c653346c22ff4f2e35c61e6f958777,Fee,Fee Token,18,10000000000000000000000000000,
0x83d69ef5c9837e21e2389d47d791714f5771f29b,ACS4,ACryptoS BUSD/USDT/DAI/USDC,18,10199490240481920747980022,
0x5b2398a75ecf16b832122b2b29c24e7b1367131a,SUPERMARS,Super Mars,18,1000000000000000000000000000000000,
0x4d1a2b3119895d887b87509693338b86730bce06,mooSwampyCake,Moo Swampy Cake,18,300761600960561092789823,
0x7bd46f6da97312ac2dbd1749f82e202764c0b914,APE-LP,ApeSwapFinance LPs,18,3589309595169151330847828,
0xc31693e2edaaf69d3664966deb149d419fe117ac,HUNK,HUNK DEFI,9,50000000000000000000,
0x0b5811e99f9d3df70823fe4cc98b86d21a93ec01,$RICH,Millionare Fox,18,95335890527990217793041011,
0x8893d5fa71389673c5c4b9b3cb4ee1ba71207556,NUTS,Squirrel Finance,18,928000000000000000000000,
0xff4245b8fd43f75476608a94768ebb29bb678c2c,YOKAI,yokai.money,18,100000000000000000000000,
0xf74ee1e10e097dc326a2ad004f9cc95cb71088d3,Cake-LP,Pancake LPs,18,20383385070163812,
0xf1ec67fa1881796bff63db3e1a301ce9cb787fad,Cake-LP,Pancake LPs,18,38249953443943145880285,
0x69dee989c30b5ffe40867f5fc14f00e4bce7b681,Cake-LP,Pancake LPs,18,95976413946356130130587,
0x6a4d97f20e48359552465c5988683764fee8bbad,HKITTY,Hello Kitty,8,1000000000000000000000000,
0x05faf555522fa3f93959f86b41a3808666093210,Cake-LP,Pancake LPs,18,22001533355064998598567955,
0x4197c6ef3879a08cd51e5560da5064b773aa1d29,ACS,ACryptoS,18,684949234478761477372516,
0xfd2a5f04368a18d3bd4204d7deb250b1710bbc15,Cafe-LP,CafeSwap LPs,18,407486021620508734158163,
0xe64f5cb844946c1f102bd25bbd87a5ab4ae89fbe,bROOBEE,ROOBEE,18,571114641674582826905026923,
0x950fd020f8e4b8c57285ec7020b7a204348dadfa,Cake-LP,Pancake LPs,18,1197841229439535957796392,
0xca7bbec6839965ac8dfe077b52ebb6519fffe155,DX,DxChain Token,18,1000000000000000000000000000,
0xaf9aa53146c5752bf6068a84b970e9fbb22a87bc,MDEX LP,MDEX LP Token,18,564667532558945463501548,
0xa52bc4d4ad0483820067bfde5b7637a5f30d3eed,Cake-LP,Pancake LPs,18,11295852830427610444634,
0x336ed56d8615271b38ecee6f4786b55d0ee91b96,GRO,Growth-Peg Token,18,1000000000000000000000000,
0xa6b4a72a6f8116dab486fb88192450cf3ed4150c,zUNI,zUNI,18,3425527947556354773300,
0xda28eb7aba389c1ea226a420bce04cb565aafb85,MDEX LP,MDEX LP Token,18,406816110110415682991721,
0x7f02fadba29fe0026fac10c065942f76f7ddde2d,DOGEBASE,DOGEBASE,18,325977657175631577809190,
0x33d08d8c7a168333a85285a68c0042b39fc3741d,AIOZ,AIOZ Network,18,34033334000000000000000000,
0x9eab0a93b0cd5d904493694f041bdcedb97b88c6,SAFESTOS,STOS Yacht Fund,18,100000000000000000000000,
0xba26397cdff25f0d26e815d218ef3c77609ae7f1,LYPTUS,Lyptus Token,18,2538750999823690193188838,
0xedcd99ad43c6911d37780158370ec1913ee9e7d3,Cake-LP,Pancake LPs,18,952248132924051013295066,
0x7cce48f8f4b67e2318f22f676975c49ff58d0fbe,DMS,Dimsum,18,1445816235580179493906943136810,
0x9a0af7fdb2065ce470d72664de73cae409da28ec,vADA,Venus ADA,8,305442614891565921,
0xebdf1b978dc2576ef0020ba4cf5f98174425c3a1,ROCKET,SafeRocket,9,100000000000000000000000000,
0xc9aa96733c4a2a7fbc1d9716243d6fce5c378126,WAP,Wet A** Pu**y Token,4,682622410000,
0x1b429508095338c3ca83d8c298dc727738095e16,Cake-LP,Pancake LPs,18,8360275172180,
0xa72a0564d0e887123112e6a4dc1aba7611ad861d,FEB,FEB Token,0,885676893240057,
0x133ee93fe93320e1182923e1a640912ede17c90c,Cake-LP,Pancake LPs,18,16065332636365830866160334,
0xc01cf935e122931b688656d5a7bb3f9ab28c83d3,DEFINIX-LP,Definix LPs,18,815105643060651516356153,
0x0f02b1f5af54e04fb6dd6550f009ac2429c4e30d,FINIX,Definix Token,18,6746449514441694169315378,
0x5657cada6b6bbef1dbd77aedb1a6105cfab4b836,Cake-LP,Pancake LPs,18,67182226776299573225,
0x33dca61993b8a86c282c54b95233af2325d69bb5,BEPO,Bepo (https://bepo.life),8,467043297068116288914,
0x6c4109de1fe903216e304ba5fcfeb9f88de219ba,BLP,Bakery LPs,18,2559769364751161564512113,
0xfe7e350009a1f3915352022b1bfc2087d7b1d1cd,TITS,Titscoin,9,1000000000000000000000000,
0xe3ba88c38d2789fe58465020cc0fb60b70c10d32,KIND,Kindcow Finance,8,251090442895480,
0x7e446ec7ba3fd5def25eccb684416331ceaa0b9c,Cake-LP,Pancake LPs,18,5215786249427202882318,
0x39cab1ddafda34b9202f5a41f71b15d2f3eba2ac,OCTAX,OctaX,18,44002541994065127745524,
0xa726f2a7b200b03beb41d1713e6158e0bda8731f,iBZRX,Fulcrum BZRX iToken (iBZRX),18,33479456876029027915101876,
0x35de111558f691f77f791fb0c08b2d6b931a9d47,bCHAIN,Chain Games,18,3968966495008380117935633,
0x4e2a9c8c17da1c0d3d0537e459ff6181e6aa23ae,MUMU,MUMU,9,1000000000000000000,
0xc54b96b04aa8828b63cf250408e1084e9f6ac6c8,SCAPES,Seascape NFT,,20605,
0x7ba02afcb8112648d27772f0d73c759c6963a666,Cake-LP,Pancake LPs,18,1198248207765096207570,
0x35e869b7456462b81cdb5e6e42434bd27f3f788c,MDO,Midas Dollar,18,12524353667922997080635778,
0x390037d710c86f88f05174599425b77c72eda305,MNTT,MoonTrust Token,18,1000000000000000000000000000000,
0x2634d192d126401064ff72a545b818847ba07e37,POMPOM,POMPOM,18,1000000000000000000000000000000000,
0x513bd0b72a2006bf35d6eb12e5add5675decb7e7,DIS,Dog in Space,9,1000000000000000000000000,
0xf3ce6aac24980e6b657926dfc79502ae414d3083,Cake-LP,Pancake LPs,18,7625749447653783466727,
0x4402980e403195280f05a76d794e77b1ff9412f0,Cake-LP,Pancake LPs,18,5805897606619605907647,
0x6b15da6d6472be978b8dbb4975b5f8d85968b89e,Cake-LP,Pancake LPs,18,256441845864209478071,
0xa955809418cd146c492918d50c680f1fb4cefe40,ycCMC,yumcha CMC,18,19000000000000000010000,
0xe62ebb28028f80f7471144f12a6666e1915b1e11,bHAREM,Harem Token,18,4256453187095849108765,
0x602a0a9b6d70995c2fb2010d1096d33ce89c70de,EM,ElonMars,18,743488338546131696751041878631995,
0x2d801b4737f2c1079a8f63f4f57832f276d71c76,GenNFT,Gen NFT,,43112,
0xbf09ab3512faf75cd67dcdfd9176041a6faf9fbd,1LP-ETH-BUSD,1inch Liquidity Pool (ETH-BUSD),18,508693438802392151140672,
0x610e7a287c27dffcac0f0a94f547cc1b770cf483,Cake-LP,Pancake LPs,18,21774032805915229693700,
0x5f8442f17294e1566ee303abedaf4917005c56ca,HEEL,Heeler,18,100000000000000000000000000,
0x650febe5ad8a17a8f27f17ec80fd208e23e9246c,WAF,Waffle,18,47779063230902937668991507,
0xd9e7b78b478aea5375c5c671af18311104a6c9f6,Mochi-LP,MochiSwap LP,18,1393660903137955323496,
0xaf4de8e872131ae328ce21d909c74705d3aaf452,3EPS,Ellipsis.finance BUSD/USDC/USDT,18,1275471965506752568162412164,
0x33338c4fdb9a4a18c5c280c30338acda1b244425,Cake-LP,Pancake LPs,18,4050842527921323058867,
0x373410a99b64b089dfe16f1088526d399252dace,fusdt3EPS,Ellipsis.finance fUSDT/3EPS,18,15234948441501697145464848,
0x14357d294fbabbe0fbf59503370c772d563b35b6,HMNG,HummingBird Finance,9,100000000000000000000000000,
0x5e17b383314f6c220f9f9cf8efd6d0a7cda2148d,FROG,Froggy Swap,18,118000000000000000000000,
0xffd4b200d3c77a0b691b5562d804b3bd54294e6e,Cake-LP,Pancake LPs,18,268522695613310867390588,
0xbea35584b9a88107102abef0bdee2c4fae5d8c31,Cake-LP,Pancake LPs,18,258701621591886343777,
0x728c5bac3c3e370e372fc4671f9ef6916b814d8b,UNFI,UNFI,18,1230958482934326190000000,
0x79d1f2ad4c39a205c3dca63a2c6a3ba50b08ec8b,fCake-LP,fPancake LPs,18,3583354666992054302539,
0x4fd6d315bef387fad2322fbc64368fc443f0886d,Cake-LP,Pancake LPs,18,414126137317313193612805,
0x90b4320d89abc65b7129043000db6c1ecd7e24e6,Cake-LP,Pancake LPs,18,24865012090340376658320,
